Report Date,MacroPlot Name,Sample Event Date,Visited,Min. Cov. Level,Plot Area,Collected By,Entered/Verif. By,UV1 Description,UV2 Description,UV3 Description,Comment,SampleData_CreatedBy,SampleData_CreatedDate,SampleData_ModifiedBy,SampleData_ModifiedDate
2025/10/21,FPICO1T08:14,1999/09/14,True,,,,,,,,,,,,

Report Date,MacroPlot Name,Sample Event Date,Item Code,Status,Cover,Comment
2025/10/21,FPICO1T08:14,1999/09/14,PRVI,L,0,From FMH TRANOBS 1064
2025/10/21,FPICO1T08:14,1999/09/14,MARE11,L,0,From FMH TRANOBS 1064
2025/10/21,FPICO1T08:14,1999/09/14,ARCO9,L,0,From FMH TRANOBS 1064
2025/10/21,FPICO1T08:14,1999/09/14,UNKF1,L,0,From FMH TRANOBS 1064
2025/10/21,FPICO1T08:14,1999/09/14,CAREX,L,0,From FMH TRANOBS 1064
2025/10/21,FPICO1T08:14,1999/09/14,AMAL2,L,0,From FMH TRANOBS 1064
2025/10/21,FPICO1T08:14,1999/09/14,UNFU2,L,0,From FMH TRANOBS 1064
2025/10/21,FPICO1T08:14,1999/09/14,ROWO,L,0,From FMH TRANOBS 1064
