"","Report.Date.x","MacroPlot.Name","Sample.Event.Date","Subplot.Frac.","Transect","Quadrat","Item.Code","Status","Height","Count","Comment.x","Report.Date.y","Visited","Num..Transects","Num..Quad..Tran.","Quad..Length","Quad..Width","Quad..Area","Collected.By","Comment.y"
"1","2025/10/22","FPICO1T08:08","2025/09/10",1,1,1,"PICO","L",0.15,6,"","2025/10/22","True","1","2","10","10","78.5","ARL, CAF, AGJ",""
"2","2025/10/22","FPICO1T08:08","2025/09/10",1,1,1,"PICO","L",0.3,2,"","2025/10/22","True","1","2","10","10","78.5","ARL, CAF, AGJ",""
"3","2025/10/22","FPICO1T08:08","2025/09/10",1,1,1,"PICO","L",0.6,9,"","2025/10/22","True","1","2","10","10","78.5","ARL, CAF, AGJ",""
"4","2025/10/22","FPICO1T08:08","2025/09/10",1,1,1,"PICO","L",1,4,"","2025/10/22","True","1","2","10","10","78.5","ARL, CAF, AGJ",""
"5","2025/10/22","FPICO1T08:08","2025/09/10",1,1,1,"PICO","L",2,2,"","2025/10/22","True","1","2","10","10","78.5","ARL, CAF, AGJ",""
"6","2025/10/22","FPICO1T08:08","2025/09/10",1,1,1,"PICO","L",3,1,"","2025/10/22","True","1","2","10","10","78.5","ARL, CAF, AGJ",""
"7","2025/10/22","FPICO1T08:08","2025/09/10",1,1,1,"PIEN","L",0.15,4,"","2025/10/22","True","1","2","10","10","78.5","ARL, CAF, AGJ",""
"8","2025/10/22","FPICO1T08:08","2025/09/10",1,1,1,"PIEN","L",0.3,2,"","2025/10/22","True","1","2","10","10","78.5","ARL, CAF, AGJ",""
"9","2025/10/22","FPICO1T08:08","2025/09/10",1,1,1,"PIEN","L",1,1,"","2025/10/22","True","1","2","10","10","78.5","ARL, CAF, AGJ",""
"10","2025/10/22","FPICO1T08:08","2025/09/10",1,1,1,"ABLA","L",0.15,4,"","2025/10/22","True","1","2","10","10","78.5","ARL, CAF, AGJ",""
"11","2025/10/22","FPICO1T08:08","2025/09/10",1,1,1,"ABLA","L",0.3,4,"","2025/10/22","True","1","2","10","10","78.5","ARL, CAF, AGJ",""
"12","2025/10/22","FPICO1T08:08","2025/09/10",1,1,1,"ABLA","L",0.6,3,"","2025/10/22","True","1","2","10","10","78.5","ARL, CAF, AGJ",""
"13","2025/10/22","FPICO1T08:08","2025/09/10",1,1,1,"ABLA","L",1,3,"","2025/10/22","True","1","2","10","10","78.5","ARL, CAF, AGJ",""
"14","2025/10/22","FPICO1T08:08","2025/09/10",1,1,1,"ABLA","L",2,1,"","2025/10/22","True","1","2","10","10","78.5","ARL, CAF, AGJ",""
"15","2025/10/22","FPICO1T08:08","2025/09/10",1,1,1,"ABLA","L",3,1,"","2025/10/22","True","1","2","10","10","78.5","ARL, CAF, AGJ",""
"16","2025/10/22","FPICO1T08:08","2025/09/10",1,1,2,"PICO","L",0.15,1,"","2025/10/22","True","1","2","10","10","78.5","ARL, CAF, AGJ",""
"17","2025/10/22","FPICO1T08:08","2025/09/10",1,1,2,"PICO","L",0.3,1,"","2025/10/22","True","1","2","10","10","78.5","ARL, CAF, AGJ",""
"18","2025/10/22","FPICO1T08:08","2025/09/10",1,1,2,"PICO","L",1,1,"","2025/10/22","True","1","2","10","10","78.5","ARL, CAF, AGJ",""
"19","2025/10/22","FPICO1T08:08","2025/09/10",1,1,2,"PIEN","L",0.3,1,"","2025/10/22","True","1","2","10","10","78.5","ARL, CAF, AGJ",""
"20","2025/10/22","FPICO1T08:08","2025/09/10",1,1,2,"ABLA","L",0.15,5,"","2025/10/22","True","1","2","10","10","78.5","ARL, CAF, AGJ",""
"21","2025/10/22","FPICO1T08:08","2025/09/10",1,1,2,"ABLA","L",0.3,10,"","2025/10/22","True","1","2","10","10","78.5","ARL, CAF, AGJ",""
"22","2025/10/22","FPICO1T08:08","2025/09/10",1,1,2,"ABLA","L",0.6,1,"","2025/10/22","True","1","2","10","10","78.5","ARL, CAF, AGJ",""
"23","2025/10/22","FPICO1T08:08","2025/09/10",1,1,2,"ABLA","L",1,1,"","2025/10/22","True","1","2","10","10","78.5","ARL, CAF, AGJ",""
"24","2025/10/22","FPICO1T08:08","2025/09/10",1,1,2,"ABLA","L",3,1,"","2025/10/22","True","1","2","10","10","78.5","ARL, CAF, AGJ",""
"25","2025/10/22","FPICO1T08:09","2025/09/10",1,1,1,"PICO","L",0.6,2,"","2025/10/22","True","1","4","10","10","78.5","ARL, CAF, AGJ",""
"26","2025/10/22","FPICO1T08:09","2025/09/10",1,1,1,"ABLA","L",0.3,1,"","2025/10/22","True","1","4","10","10","78.5","ARL, CAF, AGJ",""
"27","2025/10/22","FPICO1T08:09","2025/09/10",1,1,2,"PIEN","L",0.3,2,"","2025/10/22","True","1","4","10","10","78.5","ARL, CAF, AGJ",""
"28","2025/10/22","FPICO1T08:09","2025/09/10",1,1,2,"PIEN","L",2,1,"","2025/10/22","True","1","4","10","10","78.5","ARL, CAF, AGJ",""
"29","2025/10/22","FPICO1T08:09","2025/09/10",1,1,2,"ABLA","L",0.3,3,"","2025/10/22","True","1","4","10","10","78.5","ARL, CAF, AGJ",""
"30","2025/10/22","FPICO1T08:09","2025/09/10",1,1,2,"ABLA","L",0.6,1,"","2025/10/22","True","1","4","10","10","78.5","ARL, CAF, AGJ",""
"31","2025/10/22","FPICO1T08:09","2025/09/10",1,1,2,"ABLA","L",3,1,"","2025/10/22","True","1","4","10","10","78.5","ARL, CAF, AGJ",""
"32","2025/10/22","FPICO1T08:09","2025/09/10",1,1,2,"ABLA","L",1,2,"","2025/10/22","True","1","4","10","10","78.5","ARL, CAF, AGJ",""
"33","2025/10/22","FPICO1T08:09","2025/09/10",1,1,2,"ABLA","L",0.15,1,"","2025/10/22","True","1","4","10","10","78.5","ARL, CAF, AGJ",""
"34","2025/10/22","FPICO1T08:09","2025/09/10",1,1,3,"ABLA","L",0.3,2,"","2025/10/22","True","1","4","10","10","78.5","ARL, CAF, AGJ",""
"35","2025/10/22","FPICO1T08:09","2025/09/10",1,1,3,"ABLA","L",3,2,"","2025/10/22","True","1","4","10","10","78.5","ARL, CAF, AGJ",""
"36","2025/10/22","FPICO1T08:09","2025/09/10",1,1,3,"ABLA","L",2,1,"","2025/10/22","True","1","4","10","10","78.5","ARL, CAF, AGJ",""
"37","2025/10/22","FPICO1T08:09","2025/09/10",1,1,4,"PICO","L",0.3,1,"","2025/10/22","True","1","4","10","10","78.5","ARL, CAF, AGJ",""
"38","2025/10/22","FPICO1T08:09","2025/09/10",1,1,4,"ABLA","L",0.3,1,"","2025/10/22","True","1","4","10","10","78.5","ARL, CAF, AGJ",""
"39","2025/10/22","FPICO1T08:09","2025/09/10",1,1,4,"ABLA","L",0.6,1,"","2025/10/22","True","1","4","10","10","78.5","ARL, CAF, AGJ",""
"40","2025/10/22","FPICO1T08:10","2025/09/10",1,1,1,"PICO","L",0.6,2,"","2025/10/22","True","1","4","10","10","78.5","ARL, CAF, AGJ",""
"41","2025/10/22","FPICO1T08:10","2025/09/10",1,1,1,"PICO","L",0.3,1,"","2025/10/22","True","1","4","10","10","78.5","ARL, CAF, AGJ",""
"42","2025/10/22","FPICO1T08:10","2025/09/10",1,1,1,"PICO","L",0.15,2,"","2025/10/22","True","1","4","10","10","78.5","ARL, CAF, AGJ",""
"43","2025/10/22","FPICO1T08:10","2025/09/10",1,1,1,"POTR5","L",1,3,"","2025/10/22","True","1","4","10","10","78.5","ARL, CAF, AGJ",""
"44","2025/10/22","FPICO1T08:10","2025/09/10",1,1,1,"POTR5","L",0.6,3,"","2025/10/22","True","1","4","10","10","78.5","ARL, CAF, AGJ",""
"45","2025/10/22","FPICO1T08:10","2025/09/10",1,1,1,"POTR5","L",2,1,"","2025/10/22","True","1","4","10","10","78.5","ARL, CAF, AGJ",""
"46","2025/10/22","FPICO1T08:10","2025/09/10",1,1,2,"POTR5","L",0.6,6,"","2025/10/22","True","1","4","10","10","78.5","ARL, CAF, AGJ",""
"47","2025/10/22","FPICO1T08:10","2025/09/10",1,1,2,"POTR5","L",1,3,"","2025/10/22","True","1","4","10","10","78.5","ARL, CAF, AGJ",""
"48","2025/10/22","FPICO1T08:10","2025/09/10",1,1,2,"POTR5","L",0.3,2,"","2025/10/22","True","1","4","10","10","78.5","ARL, CAF, AGJ",""
"49","2025/10/22","FPICO1T08:10","2025/09/10",1,1,2,"PICO","L",0.6,6,"","2025/10/22","True","1","4","10","10","78.5","ARL, CAF, AGJ",""
"50","2025/10/22","FPICO1T08:10","2025/09/10",1,1,2,"PICO","L",0.3,7,"","2025/10/22","True","1","4","10","10","78.5","ARL, CAF, AGJ",""
"51","2025/10/22","FPICO1T08:10","2025/09/10",1,1,2,"PICO","L",0.15,2,"","2025/10/22","True","1","4","10","10","78.5","ARL, CAF, AGJ",""
"52","2025/10/22","FPICO1T08:10","2025/09/10",1,1,3,"PICO","L",0.3,8,"","2025/10/22","True","1","4","10","10","78.5","ARL, CAF, AGJ",""
"53","2025/10/22","FPICO1T08:10","2025/09/10",1,1,3,"PICO","L",0.15,2,"","2025/10/22","True","1","4","10","10","78.5","ARL, CAF, AGJ",""
"54","2025/10/22","FPICO1T08:10","2025/09/10",1,1,4,"PICO","L",0.15,4,"","2025/10/22","True","1","4","10","10","78.5","ARL, CAF, AGJ",""
"55","2025/10/22","FPICO1T08:10","2025/09/10",1,1,4,"PICO","L",0.3,6,"","2025/10/22","True","1","4","10","10","78.5","ARL, CAF, AGJ",""
"56","2025/10/22","FPICO1T08:11","2025/08/06",1,1,2,"PICO","L",0.6,2,"","2025/10/22","True","1","4","10","10","78.5","ARL, CAF, AGJ",""
"57","2025/10/22","FPICO1T08:11","2025/08/06",1,1,4,"PICO","L",0.3,1,"","2025/10/22","True","1","4","10","10","78.5","ARL, CAF, AGJ",""
"58","2025/10/22","FPICO1T08:11","2025/08/06",1,1,4,"PICO","L",1,1,"","2025/10/22","True","1","4","10","10","78.5","ARL, CAF, AGJ",""
"59","2025/10/22","FPICO1T08:12","2025/08/07",1,1,1,"PICO","L",0.15,1,"","2025/10/22","True","1","4","10","10","78.5","ARL, CAF, AGJ",""
"60","2025/10/22","FPICO1T08:12","2025/08/07",1,1,1,"PICO","L",0.3,3,"","2025/10/22","True","1","4","10","10","78.5","ARL, CAF, AGJ",""
"61","2025/10/22","FPICO1T08:12","2025/08/07",1,1,1,"PICO","L",0.6,4,"","2025/10/22","True","1","4","10","10","78.5","ARL, CAF, AGJ",""
"62","2025/10/22","FPICO1T08:12","2025/08/07",1,1,2,"PICO","L",0.6,2,"","2025/10/22","True","1","4","10","10","78.5","ARL, CAF, AGJ",""
"63","2025/10/22","FPICO1T08:12","2025/08/07",1,1,2,"PICO","L",0.3,1,"","2025/10/22","True","1","4","10","10","78.5","ARL, CAF, AGJ",""
"64","2025/10/22","FPICO1T08:12","2025/08/07",1,1,3,"PICO","L",0.6,2,"","2025/10/22","True","1","4","10","10","78.5","ARL, CAF, AGJ",""
"65","2025/10/22","FPICO1T08:12","2025/08/07",1,1,3,"PICO","L",0.3,2,"","2025/10/22","True","1","4","10","10","78.5","ARL, CAF, AGJ",""
"66","2025/10/22","FPICO1T08:12","2025/08/07",1,1,3,"PICO","L",1,1,"","2025/10/22","True","1","4","10","10","78.5","ARL, CAF, AGJ",""
"67","2025/10/22","FPICO1T08:12","2025/08/07",1,1,4,"PICO","L",0.3,1,"","2025/10/22","True","1","4","10","10","78.5","ARL, CAF, AGJ",""
"68","2025/10/22","FPICO1T08:12","2025/08/07",1,1,4,"PICO","L",0.6,4,"","2025/10/22","True","1","4","10","10","78.5","ARL, CAF, AGJ",""
"69","2025/10/22","FPICO1T08:12","2025/08/07",1,1,4,"PICO","L",0.15,1,"","2025/10/22","True","1","4","10","10","78.5","ARL, CAF, AGJ",""
"70","2025/10/22","FPICO1T08:13","2025/08/06",1,1,1,"PICO","L",0.6,5,"","2025/10/22","True","1","4","10","10","78.5","ARL, CAF, AGJ",""
"71","2025/10/22","FPICO1T08:13","2025/08/06",1,1,1,"PICO","L",1,1,"","2025/10/22","True","1","4","10","10","78.5","ARL, CAF, AGJ",""
"72","2025/10/22","FPICO1T08:13","2025/08/06",1,1,1,"PICO","L",0.15,1,"","2025/10/22","True","1","4","10","10","78.5","ARL, CAF, AGJ",""
"73","2025/10/22","FPICO1T08:13","2025/08/06",1,1,1,"PICO","L",0.3,1,"","2025/10/22","True","1","4","10","10","78.5","ARL, CAF, AGJ",""
"74","2025/10/22","FPICO1T08:13","2025/08/06",1,1,2,"PICO","L",0.3,1,"","2025/10/22","True","1","4","10","10","78.5","ARL, CAF, AGJ",""
"75","2025/10/22","FPICO1T08:13","2025/08/06",1,1,2,"PICO","L",0.15,1,"","2025/10/22","True","1","4","10","10","78.5","ARL, CAF, AGJ",""
"76","2025/10/22","FPICO1T08:13","2025/08/06",1,1,2,"PICO","L",0.6,2,"","2025/10/22","True","1","4","10","10","78.5","ARL, CAF, AGJ",""
"77","2025/10/22","FPICO1T08:13","2025/08/06",1,1,3,"PICO","L",0.6,4,"","2025/10/22","True","1","4","10","10","78.5","ARL, CAF, AGJ",""
"78","2025/10/22","FPICO1T08:13","2025/08/06",1,1,3,"PICO","L",0.3,1,"","2025/10/22","True","1","4","10","10","78.5","ARL, CAF, AGJ",""
"79","2025/10/22","FPICO1T08:13","2025/08/06",1,1,4,"PICO","L",0.6,1,"","2025/10/22","True","1","4","10","10","78.5","ARL, CAF, AGJ",""
"80","2025/10/22","FPICO1T08:13","2025/08/06",1,1,4,"PICO","L",1,1,"","2025/10/22","True","1","4","10","10","78.5","ARL, CAF, AGJ",""
"81","2025/10/22","FPICO1T08:14","2025/08/07",1,1,1,"PICO","L",0.15,17,"","2025/10/22","True","1","2","10","10","78.5","ARL, CAF, AGJ",""
"82","2025/10/22","FPICO1T08:14","2025/08/07",1,1,1,"PICO","L",0.3,35,"","2025/10/22","True","1","2","10","10","78.5","ARL, CAF, AGJ",""
"83","2025/10/22","FPICO1T08:14","2025/08/07",1,1,1,"PICO","L",0.6,45,"","2025/10/22","True","1","2","10","10","78.5","ARL, CAF, AGJ",""
"84","2025/10/22","FPICO1T08:14","2025/08/07",1,1,1,"PICO","L",1,10,"","2025/10/22","True","1","2","10","10","78.5","ARL, CAF, AGJ",""
"85","2025/10/22","FPICO1T08:14","2025/08/07",1,1,2,"PICO","L",0.3,33,"","2025/10/22","True","1","2","10","10","78.5","ARL, CAF, AGJ",""
"86","2025/10/22","FPICO1T08:14","2025/08/07",1,1,2,"PICO","L",0.6,29,"","2025/10/22","True","1","2","10","10","78.5","ARL, CAF, AGJ",""
"87","2025/10/22","FPICO1T08:14","2025/08/07",1,1,2,"PICO","L",0.15,11,"","2025/10/22","True","1","2","10","10","78.5","ARL, CAF, AGJ",""
"88","2025/10/22","FPICO1T08:14","2025/08/07",1,1,2,"ABLA","L",0.15,1,"","2025/10/22","True","1","2","10","10","78.5","ARL, CAF, AGJ",""
"89","2025/10/22","FPICO1T08:15","2025/08/11",1,1,1,"PICO","L",2,4,"","2025/10/22","True","1","2","10","10","78.5","AGJ, CAF",""
"90","2025/10/22","FPICO1T08:15","2025/08/11",1,1,1,"PICO","L",0.6,7,"","2025/10/22","True","1","2","10","10","78.5","AGJ, CAF",""
"91","2025/10/22","FPICO1T08:15","2025/08/11",1,1,1,"PICO","L",3,4,"","2025/10/22","True","1","2","10","10","78.5","AGJ, CAF",""
"92","2025/10/22","FPICO1T08:15","2025/08/11",1,1,1,"PIEN","L",0.6,12,"","2025/10/22","True","1","2","10","10","78.5","AGJ, CAF",""
"93","2025/10/22","FPICO1T08:15","2025/08/11",1,1,1,"PIEN","L",1,3,"","2025/10/22","True","1","2","10","10","78.5","AGJ, CAF",""
"94","2025/10/22","FPICO1T08:15","2025/08/11",1,1,1,"ABLA","L",1,1,"","2025/10/22","True","1","2","10","10","78.5","AGJ, CAF",""
"95","2025/10/22","FPICO1T08:15","2025/08/11",1,1,1,"PICO","L",1,4,"","2025/10/22","True","1","2","10","10","78.5","AGJ, CAF",""
"96","2025/10/22","FPICO1T08:15","2025/08/11",1,1,1,"PIEN","L",0.3,6,"","2025/10/22","True","1","2","10","10","78.5","AGJ, CAF",""
"97","2025/10/22","FPICO1T08:15","2025/08/11",1,1,1,"PIEN","L",2,1,"","2025/10/22","True","1","2","10","10","78.5","AGJ, CAF",""
"98","2025/10/22","FPICO1T08:15","2025/08/11",1,1,2,"PICO","L",3,1,"","2025/10/22","True","1","2","10","10","78.5","AGJ, CAF",""
"99","2025/10/22","FPICO1T08:15","2025/08/11",1,1,2,"PIEN","L",0.3,2,"","2025/10/22","True","1","2","10","10","78.5","AGJ, CAF",""
"100","2025/10/22","FPICO1T08:15","2025/08/11",1,1,2,"PICO","L",1,8,"","2025/10/22","True","1","2","10","10","78.5","AGJ, CAF",""
"101","2025/10/22","FPICO1T08:15","2025/08/11",1,1,2,"PICO","L",0.6,9,"","2025/10/22","True","1","2","10","10","78.5","AGJ, CAF",""
"102","2025/10/22","FPICO1T08:15","2025/08/11",1,1,2,"PIEN","L",0.6,3,"","2025/10/22","True","1","2","10","10","78.5","AGJ, CAF",""
"103","2025/10/22","FPICO1T08:15","2025/08/11",1,1,2,"PICO","L",0.3,2,"","2025/10/22","True","1","2","10","10","78.5","AGJ, CAF",""
"104","2025/10/22","FPICO1T08:15","2025/08/11",1,1,2,"PICO","L",0.15,1,"","2025/10/22","True","1","2","10","10","78.5","AGJ, CAF",""
"105","2025/10/22","FPICO1T08:15","2025/08/11",1,1,2,"PICO","L",2,1,"","2025/10/22","True","1","2","10","10","78.5","AGJ, CAF",""
"106","2025/10/22","FPICO1T08:16","2025/08/07",1,1,1,"PICO","L",0.6,13,"","2025/10/22","True","1","4","10","10","78.5","ARL, CAF, AGJ",""
"107","2025/10/22","FPICO1T08:16","2025/08/07",1,1,1,"PICO","L",0.3,5,"","2025/10/22","True","1","4","10","10","78.5","ARL, CAF, AGJ",""
"108","2025/10/22","FPICO1T08:16","2025/08/07",1,1,1,"PICO","L",1,6,"","2025/10/22","True","1","4","10","10","78.5","ARL, CAF, AGJ",""
"109","2025/10/22","FPICO1T08:16","2025/08/07",1,1,2,"PICO","L",0.3,8,"","2025/10/22","True","1","4","10","10","78.5","ARL, CAF, AGJ",""
"110","2025/10/22","FPICO1T08:16","2025/08/07",1,1,2,"PICO","L",0.6,14,"","2025/10/22","True","1","4","10","10","78.5","ARL, CAF, AGJ",""
"111","2025/10/22","FPICO1T08:16","2025/08/07",1,1,2,"PICO","L",1,3,"","2025/10/22","True","1","4","10","10","78.5","ARL, CAF, AGJ",""
"112","2025/10/22","FPICO1T08:16","2025/08/07",1,1,3,"PICO","L",0.15,2,"","2025/10/22","True","1","4","10","10","78.5","ARL, CAF, AGJ",""
"113","2025/10/22","FPICO1T08:16","2025/08/07",1,1,3,"PICO","L",0.3,10,"","2025/10/22","True","1","4","10","10","78.5","ARL, CAF, AGJ",""
"114","2025/10/22","FPICO1T08:16","2025/08/07",1,1,3,"PICO","L",0.6,16,"","2025/10/22","True","1","4","10","10","78.5","ARL, CAF, AGJ",""
"115","2025/10/22","FPICO1T08:16","2025/08/07",1,1,3,"PICO","L",1,4,"","2025/10/22","True","1","4","10","10","78.5","ARL, CAF, AGJ",""
"116","2025/10/22","FPICO1T08:16","2025/08/07",1,1,4,"PICO","L",0.3,5,"","2025/10/22","True","1","4","10","10","78.5","ARL, CAF, AGJ",""
"117","2025/10/22","FPICO1T08:16","2025/08/07",1,1,4,"PICO","L",0.6,4,"","2025/10/22","True","1","4","10","10","78.5","ARL, CAF, AGJ",""
"118","2025/10/22","FPICO1T08:16","2025/08/07",1,1,4,"PICO","L",1,5,"","2025/10/22","True","1","4","10","10","78.5","ARL, CAF, AGJ",""
"119","2025/10/22","FPICO1T08:19","2025/08/11",1,1,1,"ABLA","L",0.3,2,"","2025/10/22","True","1","2","10","10","78.5","CAF, AGJ",""
"120","2025/10/22","FPICO1T08:19","2025/08/11",1,1,1,"PICO","L",1,7,"","2025/10/22","True","1","2","10","10","78.5","CAF, AGJ",""
"121","2025/10/22","FPICO1T08:19","2025/08/11",1,1,1,"PIEN","L",0.6,10,"","2025/10/22","True","1","2","10","10","78.5","CAF, AGJ",""
"122","2025/10/22","FPICO1T08:19","2025/08/11",1,1,1,"PICO","L",2,7,"","2025/10/22","True","1","2","10","10","78.5","CAF, AGJ",""
"123","2025/10/22","FPICO1T08:19","2025/08/11",1,1,1,"PICO","L",0.6,6,"","2025/10/22","True","1","2","10","10","78.5","CAF, AGJ",""
"124","2025/10/22","FPICO1T08:19","2025/08/11",1,1,1,"PIEN","L",1,7,"","2025/10/22","True","1","2","10","10","78.5","CAF, AGJ",""
"125","2025/10/22","FPICO1T08:19","2025/08/11",1,1,1,"PIEN","L",2,1,"","2025/10/22","True","1","2","10","10","78.5","CAF, AGJ",""
"126","2025/10/22","FPICO1T08:19","2025/08/11",1,1,1,"PICO","L",0.15,1,"","2025/10/22","True","1","2","10","10","78.5","CAF, AGJ",""
"127","2025/10/22","FPICO1T08:19","2025/08/11",1,1,1,"PIEN","L",0.3,7,"","2025/10/22","True","1","2","10","10","78.5","CAF, AGJ",""
"128","2025/10/22","FPICO1T08:19","2025/08/11",1,1,1,"PICO","L",0.3,2,"","2025/10/22","True","1","2","10","10","78.5","CAF, AGJ",""
"129","2025/10/22","FPICO1T08:19","2025/08/11",1,1,1,"ABLA","L",0.6,3,"","2025/10/22","True","1","2","10","10","78.5","CAF, AGJ",""
"130","2025/10/22","FPICO1T08:19","2025/08/11",1,1,1,"ABLA","L",3,1,"","2025/10/22","True","1","2","10","10","78.5","CAF, AGJ",""
"131","2025/10/22","FPICO1T08:19","2025/08/11",1,1,2,"PICO","L",0.3,4,"","2025/10/22","True","1","2","10","10","78.5","CAF, AGJ",""
"132","2025/10/22","FPICO1T08:19","2025/08/11",1,1,2,"PIEN","L",0.3,3,"","2025/10/22","True","1","2","10","10","78.5","CAF, AGJ",""
"133","2025/10/22","FPICO1T08:19","2025/08/11",1,1,2,"PIEN","L",0.6,1,"","2025/10/22","True","1","2","10","10","78.5","CAF, AGJ",""
"134","2025/10/22","FPICO1T08:19","2025/08/11",1,1,2,"PIEN","L",1,1,"","2025/10/22","True","1","2","10","10","78.5","CAF, AGJ",""
"135","2025/10/22","FPICO1T08:19","2025/08/11",1,1,2,"ABLA","L",2,1,"","2025/10/22","True","1","2","10","10","78.5","CAF, AGJ",""
"136","2025/10/22","FPICO1T08:19","2025/08/11",1,1,2,"ABLA","L",0.6,2,"","2025/10/22","True","1","2","10","10","78.5","CAF, AGJ",""
"137","2025/10/22","FPICO1T08:19","2025/08/11",1,1,2,"ABLA","L",0.3,2,"","2025/10/22","True","1","2","10","10","78.5","CAF, AGJ",""
"138","2025/10/22","FPICO1T08:19","2025/08/11",1,1,2,"PICO","L",0.15,2,"","2025/10/22","True","1","2","10","10","78.5","CAF, AGJ",""
"139","2025/10/22","FPICO1T08:20","2025/08/11",1,1,1,"PICO","L",0.3,2,"","2025/10/22","True","1","4","10","10","78.5","AGJ, CAF",""
"140","2025/10/22","FPICO1T08:20","2025/08/11",1,1,1,"PICO","L",0.6,2,"","2025/10/22","True","1","4","10","10","78.5","AGJ, CAF",""
"141","2025/10/22","FPICO1T08:20","2025/08/11",1,1,2,"PICO","L",0.15,1,"","2025/10/22","True","1","4","10","10","78.5","AGJ, CAF",""
"142","2025/10/22","FPICO1T08:20","2025/08/11",1,1,2,"PICO","L",0.3,3,"","2025/10/22","True","1","4","10","10","78.5","AGJ, CAF",""
"143","2025/10/22","FPICO1T08:20","2025/08/11",1,1,2,"PICO","L",0.6,4,"","2025/10/22","True","1","4","10","10","78.5","AGJ, CAF",""
"144","2025/10/22","FPICO1T08:20","2025/08/11",1,1,3,"PICO","L",0.3,1,"","2025/10/22","True","1","4","10","10","78.5","AGJ, CAF",""
"145","2025/10/22","FPICO1T08:20","2025/08/11",1,1,3,"PICO","L",0.6,4,"","2025/10/22","True","1","4","10","10","78.5","AGJ, CAF",""
"146","2025/10/22","FPICO1T08:20","2025/08/11",1,1,3,"PICO","L",1,2,"","2025/10/22","True","1","4","10","10","78.5","AGJ, CAF",""
"147","2025/10/22","FPICO1T08:20","2025/08/11",1,1,3,"POTR5","L",0.3,1,"","2025/10/22","True","1","4","10","10","78.5","AGJ, CAF",""
"148","2025/10/22","FPICO1T08:20","2025/08/11",1,1,4,"PICO","L",0.3,1,"","2025/10/22","True","1","4","10","10","78.5","AGJ, CAF",""
"149","2025/10/22","FPICO1T08:20","2025/08/11",1,1,4,"PICO","L",0.6,4,"","2025/10/22","True","1","4","10","10","78.5","AGJ, CAF",""
"150","2025/10/22","FPICO1T08:20","2025/08/11",1,1,4,"PICO","L",1,2,"","2025/10/22","True","1","4","10","10","78.5","AGJ, CAF",""
"151","2025/10/22","FPICO1T08:21","2025/09/02",1,1,1,"ABLA","L",0.3,1,"","2025/10/22","True","1","2","10","10","78.5","ARL, CAF",""
"152","2025/10/22","FPICO1T08:21","2025/09/02",1,1,1,"PIEN","L",0.6,9,"","2025/10/22","True","1","2","10","10","78.5","ARL, CAF",""
"153","2025/10/22","FPICO1T08:21","2025/09/02",1,1,1,"ABLA","L",1,3,"","2025/10/22","True","1","2","10","10","78.5","ARL, CAF",""
"154","2025/10/22","FPICO1T08:21","2025/09/02",1,1,1,"PIEN","L",0.15,2,"","2025/10/22","True","1","2","10","10","78.5","ARL, CAF",""
"155","2025/10/22","FPICO1T08:21","2025/09/02",1,1,1,"PIEN","L",0.3,16,"","2025/10/22","True","1","2","10","10","78.5","ARL, CAF",""
"156","2025/10/22","FPICO1T08:21","2025/09/02",1,1,1,"PICO","L",0.3,5,"","2025/10/22","True","1","2","10","10","78.5","ARL, CAF",""
"157","2025/10/22","FPICO1T08:21","2025/09/02",1,1,1,"PICO","L",1,10,"","2025/10/22","True","1","2","10","10","78.5","ARL, CAF",""
"158","2025/10/22","FPICO1T08:21","2025/09/02",1,1,1,"PICO","L",0.6,6,"","2025/10/22","True","1","2","10","10","78.5","ARL, CAF",""
"159","2025/10/22","FPICO1T08:21","2025/09/02",1,1,1,"PICO","L",3,3,"","2025/10/22","True","1","2","10","10","78.5","ARL, CAF",""
"160","2025/10/22","FPICO1T08:21","2025/09/02",1,1,1,"PICO","L",0.15,1,"","2025/10/22","True","1","2","10","10","78.5","ARL, CAF",""
"161","2025/10/22","FPICO1T08:21","2025/09/02",1,1,1,"PICO","L",2,9,"","2025/10/22","True","1","2","10","10","78.5","ARL, CAF",""
"162","2025/10/22","FPICO1T08:21","2025/09/02",1,1,1,"ABLA","L",2,1,"","2025/10/22","True","1","2","10","10","78.5","ARL, CAF",""
"163","2025/10/22","FPICO1T08:21","2025/09/02",1,1,1,"PICO","D",2,1,"","2025/10/22","True","1","2","10","10","78.5","ARL, CAF",""
"164","2025/10/22","FPICO1T08:21","2025/09/02",1,1,1,"PIEN","L",1,2,"","2025/10/22","True","1","2","10","10","78.5","ARL, CAF",""
"165","2025/10/22","FPICO1T08:21","2025/09/02",1,1,1,"ABLA","L",3,1,"","2025/10/22","True","1","2","10","10","78.5","ARL, CAF",""
"166","2025/10/22","FPICO1T08:21","2025/09/02",1,1,1,"PIEN","L",2,3,"","2025/10/22","True","1","2","10","10","78.5","ARL, CAF",""
"167","2025/10/22","FPICO1T08:21","2025/09/02",1,1,2,"PIEN","L",0.15,7,"","2025/10/22","True","1","2","10","10","78.5","ARL, CAF",""
"168","2025/10/22","FPICO1T08:21","2025/09/02",1,1,2,"PIEN","L",0.6,4,"","2025/10/22","True","1","2","10","10","78.5","ARL, CAF",""
"169","2025/10/22","FPICO1T08:21","2025/09/02",1,1,2,"PIEN","L",2,2,"","2025/10/22","True","1","2","10","10","78.5","ARL, CAF",""
"170","2025/10/22","FPICO1T08:21","2025/09/02",1,1,2,"PIEN","L",1,7,"","2025/10/22","True","1","2","10","10","78.5","ARL, CAF",""
"171","2025/10/22","FPICO1T08:21","2025/09/02",1,1,2,"PICO","L",1,1,"","2025/10/22","True","1","2","10","10","78.5","ARL, CAF",""
"172","2025/10/22","FPICO1T08:21","2025/09/02",1,1,2,"ABLA","L",0.15,2,"","2025/10/22","True","1","2","10","10","78.5","ARL, CAF",""
"173","2025/10/22","FPICO1T08:21","2025/09/02",1,1,2,"PIEN","L",0.3,14,"","2025/10/22","True","1","2","10","10","78.5","ARL, CAF",""
"174","2025/10/22","FPICO1T08:21","2025/09/02",1,1,2,"PIEN","L",3,1,"","2025/10/22","True","1","2","10","10","78.5","ARL, CAF",""
"175","2025/10/22","FPICO1T08:21","2025/09/02",1,1,2,"PICO","L",0.3,5,"","2025/10/22","True","1","2","10","10","78.5","ARL, CAF",""
"176","2025/10/22","FPICO1T08:21","2025/09/02",1,1,2,"PICO","L",0.15,2,"","2025/10/22","True","1","2","10","10","78.5","ARL, CAF",""
"177","2025/10/22","FPICO1T08:21","2025/09/02",1,1,2,"ABLA","L",0.3,1,"","2025/10/22","True","1","2","10","10","78.5","ARL, CAF",""
"178","2025/10/22","FPICO1T08:21","2025/09/02",1,1,2,"ABLA","L",1,1,"","2025/10/22","True","1","2","10","10","78.5","ARL, CAF",""
"179","2025/10/22","FPICO1T08:21","2025/09/02",1,1,2,"PICO","L",0.6,3,"","2025/10/22","True","1","2","10","10","78.5","ARL, CAF",""
"180","2025/10/22","FPICO1T08:24","2025/08/18",1,1,1,"PIEN","L",0.15,2,"","2025/10/22","True","1","4","10","10","78.5","ARL, CAF",""
"181","2025/10/22","FPICO1T08:24","2025/08/18",1,1,1,"PICO","L",2,1,"","2025/10/22","True","1","4","10","10","78.5","ARL, CAF",""
"182","2025/10/22","FPICO1T08:24","2025/08/18",1,1,1,"PICO","L",0.3,4,"","2025/10/22","True","1","4","10","10","78.5","ARL, CAF",""
"183","2025/10/22","FPICO1T08:24","2025/08/18",1,1,1,"PICO","L",0.6,5,"","2025/10/22","True","1","4","10","10","78.5","ARL, CAF",""
"184","2025/10/22","FPICO1T08:24","2025/08/18",1,1,1,"PICO","L",0.15,4,"","2025/10/22","True","1","4","10","10","78.5","ARL, CAF",""
"185","2025/10/22","FPICO1T08:24","2025/08/18",1,1,1,"PIEN","L",0.3,1,"","2025/10/22","True","1","4","10","10","78.5","ARL, CAF",""
"186","2025/10/22","FPICO1T08:24","2025/08/18",1,1,1,"ABLA","L",0.15,1,"","2025/10/22","True","1","4","10","10","78.5","ARL, CAF",""
"187","2025/10/22","FPICO1T08:24","2025/08/18",1,1,1,"PICO","L",1,2,"","2025/10/22","True","1","4","10","10","78.5","ARL, CAF",""
"188","2025/10/22","FPICO1T08:24","2025/08/18",1,1,2,"PICO","L",0.15,1,"","2025/10/22","True","1","4","10","10","78.5","ARL, CAF",""
"189","2025/10/22","FPICO1T08:24","2025/08/18",1,1,2,"PICO","L",1,2,"","2025/10/22","True","1","4","10","10","78.5","ARL, CAF",""
"190","2025/10/22","FPICO1T08:24","2025/08/18",1,1,2,"PICO","L",0.6,5,"","2025/10/22","True","1","4","10","10","78.5","ARL, CAF",""
"191","2025/10/22","FPICO1T08:24","2025/08/18",1,1,2,"PICO","L",2,1,"","2025/10/22","True","1","4","10","10","78.5","ARL, CAF",""
"192","2025/10/22","FPICO1T08:24","2025/08/18",1,1,2,"PICO","L",0.3,3,"","2025/10/22","True","1","4","10","10","78.5","ARL, CAF",""
"193","2025/10/22","FPICO1T08:24","2025/08/18",1,1,2,"PIEN","L",3,2,"","2025/10/22","True","1","4","10","10","78.5","ARL, CAF",""
"194","2025/10/22","FPICO1T08:24","2025/08/18",1,1,2,"PIEN","L",2,4,"","2025/10/22","True","1","4","10","10","78.5","ARL, CAF",""
"195","2025/10/22","FPICO1T08:24","2025/08/18",1,1,2,"PIEN","L",3,1,"","2025/10/22","True","1","4","10","10","78.5","ARL, CAF",""
"196","2025/10/22","FPICO1T08:24","2025/08/18",1,1,3,"PICO","L",0.15,1,"","2025/10/22","True","1","4","10","10","78.5","ARL, CAF",""
"197","2025/10/22","FPICO1T08:24","2025/08/18",1,1,3,"PICO","L",0.3,1,"","2025/10/22","True","1","4","10","10","78.5","ARL, CAF",""
"198","2025/10/22","FPICO1T08:24","2025/08/18",1,1,3,"ABLA","L",0.3,1,"","2025/10/22","True","1","4","10","10","78.5","ARL, CAF",""
"199","2025/10/22","FPICO1T08:24","2025/08/18",1,1,3,"PICO","L",0.6,4,"","2025/10/22","True","1","4","10","10","78.5","ARL, CAF",""
"200","2025/10/22","FPICO1T08:24","2025/08/18",1,1,3,"PIEN","L",0.3,1,"","2025/10/22","True","1","4","10","10","78.5","ARL, CAF",""
"201","2025/10/22","FPICO1T08:24","2025/08/18",1,1,3,"PICO","L",2,1,"","2025/10/22","True","1","4","10","10","78.5","ARL, CAF",""
"202","2025/10/22","FPICO1T08:24","2025/08/18",1,1,4,"PICO","L",1,1,"","2025/10/22","True","1","4","10","10","78.5","ARL, CAF",""
"203","2025/10/22","FPICO1T08:24","2025/08/18",1,1,4,"ABLA","L",0.3,1,"","2025/10/22","True","1","4","10","10","78.5","ARL, CAF",""
"204","2025/10/22","FPICO1T08:24","2025/08/18",1,1,4,"ABLA","L",2,1,"","2025/10/22","True","1","4","10","10","78.5","ARL, CAF",""
"205","2025/10/22","FPICO1T08:24","2025/08/18",1,1,4,"PICO","L",0.15,1,"","2025/10/22","True","1","4","10","10","78.5","ARL, CAF",""
"206","2025/10/22","FPICO1T08:24","2025/08/18",1,1,4,"PIEN","L",2,1,"","2025/10/22","True","1","4","10","10","78.5","ARL, CAF",""
"207","2025/10/22","FPICO1T08:24","2025/08/18",1,1,4,"ABLA","L",1,1,"","2025/10/22","True","1","4","10","10","78.5","ARL, CAF",""
"208","2025/10/22","FPICO1T08:24","2025/08/18",1,1,4,"PICO","L",2,1,"","2025/10/22","True","1","4","10","10","78.5","ARL, CAF",""
"209","2025/10/22","FPICO1T08:25","2025/09/02",1,1,1,"ABLA","L",0.15,2,"","2025/10/22","True","1","4","10","10","78.5","CAF, CSJ, SAF",""
"210","2025/10/22","FPICO1T08:25","2025/09/02",1,1,1,"PIEN","L",2,1,"","2025/10/22","True","1","4","10","10","78.5","CAF, CSJ, SAF",""
"211","2025/10/22","FPICO1T08:25","2025/09/02",1,1,1,"PIEN","L",1,1,"","2025/10/22","True","1","4","10","10","78.5","CAF, CSJ, SAF",""
"212","2025/10/22","FPICO1T08:25","2025/09/02",1,1,1,"ABLA","L",2,1,"","2025/10/22","True","1","4","10","10","78.5","CAF, CSJ, SAF",""
"213","2025/10/22","FPICO1T08:25","2025/09/02",1,1,2,"PICO","L",0.6,11,"","2025/10/22","True","1","4","10","10","78.5","CAF, CSJ, SAF",""
"214","2025/10/22","FPICO1T08:25","2025/09/02",1,1,2,"PICO","L",1,2,"","2025/10/22","True","1","4","10","10","78.5","CAF, CSJ, SAF",""
"215","2025/10/22","FPICO1T08:25","2025/09/02",1,1,2,"ABLA","L",3,1,"","2025/10/22","True","1","4","10","10","78.5","CAF, CSJ, SAF",""
"216","2025/10/22","FPICO1T08:25","2025/09/02",1,1,2,"PICO","L",0.3,3,"","2025/10/22","True","1","4","10","10","78.5","CAF, CSJ, SAF",""
"217","2025/10/22","FPICO1T08:25","2025/09/02",1,1,2,"PICO","L",2,2,"","2025/10/22","True","1","4","10","10","78.5","CAF, CSJ, SAF",""
"218","2025/10/22","FPICO1T08:25","2025/09/02",1,1,2,"ABLA","L",0.3,1,"","2025/10/22","True","1","4","10","10","78.5","CAF, CSJ, SAF",""
"219","2025/10/22","FPICO1T08:25","2025/09/02",1,1,2,"PICO","L",3,1,"","2025/10/22","True","1","4","10","10","78.5","CAF, CSJ, SAF",""
"220","2025/10/22","FPICO1T08:25","2025/09/02",1,1,2,"PIEN","L",1,1,"","2025/10/22","True","1","4","10","10","78.5","CAF, CSJ, SAF",""
"221","2025/10/22","FPICO1T08:25","2025/09/02",1,1,3,"PICO","L",1,2,"","2025/10/22","True","1","4","10","10","78.5","CAF, CSJ, SAF",""
"222","2025/10/22","FPICO1T08:25","2025/09/02",1,1,3,"ABLA","L",0.15,15,"","2025/10/22","True","1","4","10","10","78.5","CAF, CSJ, SAF",""
"223","2025/10/22","FPICO1T08:25","2025/09/02",1,1,3,"PICO","L",0.6,6,"","2025/10/22","True","1","4","10","10","78.5","CAF, CSJ, SAF",""
"224","2025/10/22","FPICO1T08:25","2025/09/02",1,1,3,"ABLA","L",0.6,5,"","2025/10/22","True","1","4","10","10","78.5","CAF, CSJ, SAF",""
"225","2025/10/22","FPICO1T08:25","2025/09/02",1,1,3,"ABLA","L",0.3,6,"","2025/10/22","True","1","4","10","10","78.5","CAF, CSJ, SAF",""
"226","2025/10/22","FPICO1T08:25","2025/09/02",1,1,3,"PICO","L",0.15,3,"","2025/10/22","True","1","4","10","10","78.5","CAF, CSJ, SAF",""
"227","2025/10/22","FPICO1T08:25","2025/09/02",1,1,3,"PICO","L",0.3,2,"","2025/10/22","True","1","4","10","10","78.5","CAF, CSJ, SAF",""
"228","2025/10/22","FPICO1T08:25","2025/09/02",1,1,3,"ABLA","L",3,1,"","2025/10/22","True","1","4","10","10","78.5","CAF, CSJ, SAF",""
"229","2025/10/22","FPICO1T08:25","2025/09/02",1,1,3,"PIEN","L",0.15,1,"","2025/10/22","True","1","4","10","10","78.5","CAF, CSJ, SAF",""
"230","2025/10/22","FPICO1T08:25","2025/09/02",1,1,4,"PICO","L",1,2,"","2025/10/22","True","1","4","10","10","78.5","CAF, CSJ, SAF",""
"231","2025/10/22","FPICO1T08:25","2025/09/02",1,1,4,"ABLA","L",0.15,1,"","2025/10/22","True","1","4","10","10","78.5","CAF, CSJ, SAF",""
"232","2025/10/22","FPICO1T08:25","2025/09/02",1,1,4,"PIEN","L",0.15,1,"","2025/10/22","True","1","4","10","10","78.5","CAF, CSJ, SAF",""
"233","2025/10/22","FPICO1T08:25","2025/09/02",1,1,4,"ABLA","L",1,1,"","2025/10/22","True","1","4","10","10","78.5","CAF, CSJ, SAF",""
"234","2025/10/22","FPICO1T08:25","2025/09/02",1,1,4,"PICO","L",0.3,2,"","2025/10/22","True","1","4","10","10","78.5","CAF, CSJ, SAF",""
"235","2025/10/22","FPICO1T08:25","2025/09/02",1,1,4,"PICO","L",0.6,1,"","2025/10/22","True","1","4","10","10","78.5","CAF, CSJ, SAF",""
"236","2025/10/22","FPICO1T08:25","2025/09/02",1,1,4,"ABLA","L",2,2,"","2025/10/22","True","1","4","10","10","78.5","CAF, CSJ, SAF",""
"237","2025/10/22","FPICO1T08:25","2025/09/02",1,1,4,"ABLA","L",0.3,1,"","2025/10/22","True","1","4","10","10","78.5","CAF, CSJ, SAF",""
"238","2025/10/22","FPICO1T08:25","2025/09/02",1,1,4,"ABLA","L",0.6,1,"","2025/10/22","True","1","4","10","10","78.5","CAF, CSJ, SAF",""
"239","2025/10/22","FPICO1T08:08","1998/07/28",1,1,1,"ABLA","L",0.15,2,"","2025/10/22","True","1","1","10","25","250","",""
"240","2025/10/22","FPICO1T08:08","1998/07/28",1,1,1,"ABLA","L",0.3,10,"","2025/10/22","True","1","1","10","25","250","",""
"241","2025/10/22","FPICO1T08:08","1998/07/28",1,1,1,"ABLA","L",0.6,10,"","2025/10/22","True","1","1","10","25","250","",""
"242","2025/10/22","FPICO1T08:08","1998/07/28",1,1,1,"ABLA","L",1,7,"","2025/10/22","True","1","1","10","25","250","",""
"243","2025/10/22","FPICO1T08:08","1998/07/28",1,1,1,"ABLA","L",2,4,"","2025/10/22","True","1","1","10","25","250","",""
"244","2025/10/22","FPICO1T08:08","1998/07/28",1,1,1,"ABLA","L",10,1,"","2025/10/22","True","1","1","10","25","250","",""
"245","2025/10/22","FPICO1T08:08","1998/07/28",1,1,1,"PICO","L",0.15,5,"","2025/10/22","True","1","1","10","25","250","",""
"246","2025/10/22","FPICO1T08:08","1998/07/28",1,1,1,"PICO","L",0.3,5,"","2025/10/22","True","1","1","10","25","250","",""
"247","2025/10/22","FPICO1T08:08","1998/07/28",1,1,1,"PICO","L",0.6,6,"","2025/10/22","True","1","1","10","25","250","",""
"248","2025/10/22","FPICO1T08:08","1998/07/28",1,1,1,"PICO","L",1,3,"","2025/10/22","True","1","1","10","25","250","",""
"249","2025/10/22","FPICO1T08:08","1998/07/28",1,1,1,"PICO","L",2,4,"","2025/10/22","True","1","1","10","25","250","",""
"250","2025/10/22","FPICO1T08:08","1998/07/28",1,1,1,"PIEN","L",0.3,1,"","2025/10/22","True","1","1","10","25","250","",""
"251","2025/10/22","FPICO1T08:08","1999/07/20",1,1,1,"ABLA","L",0.15,3,"","2025/10/22","True","1","1","10","25","250","",""
"252","2025/10/22","FPICO1T08:08","1999/07/20",1,1,1,"ABLA","L",0.3,14,"","2025/10/22","True","1","1","10","25","250","",""
"253","2025/10/22","FPICO1T08:08","1999/07/20",1,1,1,"ABLA","L",0.6,11,"","2025/10/22","True","1","1","10","25","250","",""
"254","2025/10/22","FPICO1T08:08","1999/07/20",1,1,1,"ABLA","L",1,6,"","2025/10/22","True","1","1","10","25","250","",""
"255","2025/10/22","FPICO1T08:08","1999/07/20",1,1,1,"ABLA","L",2,6,"","2025/10/22","True","1","1","10","25","250","",""
"256","2025/10/22","FPICO1T08:08","1999/07/20",1,1,1,"PICO","L",0.15,5,"","2025/10/22","True","1","1","10","25","250","",""
"257","2025/10/22","FPICO1T08:08","1999/07/20",1,1,1,"PICO","L",0.3,3,"","2025/10/22","True","1","1","10","25","250","",""
"258","2025/10/22","FPICO1T08:08","1999/07/20",1,1,1,"PICO","L",0.6,9,"","2025/10/22","True","1","1","10","25","250","",""
"259","2025/10/22","FPICO1T08:08","1999/07/20",1,1,1,"PICO","L",1,2,"","2025/10/22","True","1","1","10","25","250","",""
"260","2025/10/22","FPICO1T08:08","1999/07/20",1,1,1,"PICO","L",2,4,"","2025/10/22","True","1","1","10","25","250","",""
"261","2025/10/22","FPICO1T08:08","1999/07/20",1,1,1,"PIEN","L",0.3,2,"","2025/10/22","True","1","1","10","25","250","",""
"262","2025/10/22","FPICO1T08:08","1999/07/20",1,1,1,"PIEN","L",0.6,1,"","2025/10/22","True","1","1","10","25","250","",""
"263","2025/10/22","FPICO1T08:08","2000/08/20",1,1,1,"ABLA","L",0.15,37,"","2025/10/22","True","1","1","10","25","250","",""
"264","2025/10/22","FPICO1T08:08","2000/08/20",1,1,1,"ABLA","D",0.15,1,"","2025/10/22","True","1","1","10","25","250","",""
"265","2025/10/22","FPICO1T08:08","2000/08/20",1,1,1,"ABLA","L",0.3,10,"","2025/10/22","True","1","1","10","25","250","",""
"266","2025/10/22","FPICO1T08:08","2000/08/20",1,1,1,"ABLA","L",0.6,4,"","2025/10/22","True","1","1","10","25","250","",""
"267","2025/10/22","FPICO1T08:08","2000/08/20",1,1,1,"ABLA","L",1,6,"","2025/10/22","True","1","1","10","25","250","",""
"268","2025/10/22","FPICO1T08:08","2000/08/20",1,1,1,"ABLA","L",2,5,"","2025/10/22","True","1","1","10","25","250","",""
"269","2025/10/22","FPICO1T08:08","2000/08/20",1,1,1,"PICO","L",0.15,11,"","2025/10/22","True","1","1","10","25","250","",""
"270","2025/10/22","FPICO1T08:08","2000/08/20",1,1,1,"PICO","L",0.3,3,"","2025/10/22","True","1","1","10","25","250","",""
"271","2025/10/22","FPICO1T08:08","2000/08/20",1,1,1,"PICO","L",0.6,13,"","2025/10/22","True","1","1","10","25","250","",""
"272","2025/10/22","FPICO1T08:08","2000/08/20",1,1,1,"PICO","L",1,4,"","2025/10/22","True","1","1","10","25","250","",""
"273","2025/10/22","FPICO1T08:08","2000/08/20",1,1,1,"PICO","L",2,3,"","2025/10/22","True","1","1","10","25","250","",""
"274","2025/10/22","FPICO1T08:08","2000/08/20",1,1,1,"PIEN","L",0.15,3,"","2025/10/22","True","1","1","10","25","250","",""
"275","2025/10/22","FPICO1T08:08","2000/08/20",1,1,1,"PIEN","L",0.3,3,"","2025/10/22","True","1","1","10","25","250","",""
"276","2025/10/22","FPICO1T08:08","2000/08/20",1,1,1,"PIEN","L",0.6,6,"","2025/10/22","True","1","1","10","25","250","",""
"277","2025/10/22","FPICO1T08:08","2000/08/20",1,1,1,"PIEN","L",2,1,"","2025/10/22","True","1","1","10","25","250","",""
"278","2025/10/22","FPICO1T08:08","2003/08/12",1,1,1,"ABLA","L",0.15,37,"","2025/10/22","True","1","1","10","25","250","",""
"279","2025/10/22","FPICO1T08:08","2003/08/12",1,1,1,"ABLA","L",0.6,9,"","2025/10/22","True","1","1","10","25","250","",""
"280","2025/10/22","FPICO1T08:08","2003/08/12",1,1,1,"ABLA","L",1,8,"","2025/10/22","True","1","1","10","25","250","",""
"281","2025/10/22","FPICO1T08:08","2003/08/12",1,1,1,"ABLA","L",2,8,"","2025/10/22","True","1","1","10","25","250","",""
"282","2025/10/22","FPICO1T08:08","2003/08/12",1,1,1,"PICO","L",0.15,17,"","2025/10/22","True","1","1","10","25","250","",""
"283","2025/10/22","FPICO1T08:08","2003/08/12",1,1,1,"PICO","L",0.6,7,"","2025/10/22","True","1","1","10","25","250","",""
"284","2025/10/22","FPICO1T08:08","2003/08/12",1,1,1,"PICO","L",1,5,"","2025/10/22","True","1","1","10","25","250","",""
"285","2025/10/22","FPICO1T08:08","2003/08/12",1,1,1,"PICO","L",2,3,"","2025/10/22","True","1","1","10","25","250","",""
"286","2025/10/22","FPICO1T08:08","2003/08/12",1,1,1,"PIEN","L",0.15,4,"","2025/10/22","True","1","1","10","25","250","",""
"287","2025/10/22","FPICO1T08:08","2003/08/12",1,1,1,"PIEN","L",0.6,1,"","2025/10/22","True","1","1","10","25","250","",""
"288","2025/10/22","FPICO1T08:09","1998/07/29",1,1,1,"ABLA","L",1,1,"","2025/10/22","True","1","1","10","25","250","",""
"289","2025/10/22","FPICO1T08:09","1998/07/29",1,1,1,"ABLA","L",2,1,"","2025/10/22","True","1","1","10","25","250","",""
"290","2025/10/22","FPICO1T08:09","1998/07/29",1,1,1,"POTR5","L",0.3,2,"","2025/10/22","True","1","1","10","25","250","",""
"291","2025/10/22","FPICO1T08:09","1998/07/29",1,1,1,"POTR5","D",0.6,4,"","2025/10/22","True","1","1","10","25","250","",""
"292","2025/10/22","FPICO1T08:09","1999/08/12",1,1,1,"ABLA","L",0.15,1,"","2025/10/22","True","1","1","10","25","250","",""
"293","2025/10/22","FPICO1T08:09","1999/08/12",1,1,1,"ABLA","L",1,1,"","2025/10/22","True","1","1","10","25","250","",""
"294","2025/10/22","FPICO1T08:09","1999/08/12",1,1,1,"ABLA","L",2,1,"","2025/10/22","True","1","1","10","25","250","",""
"295","2025/10/22","FPICO1T08:09","1999/08/12",1,1,1,"POTR5","L",0.6,1,"","2025/10/22","True","1","1","10","25","250","",""
"296","2025/10/22","FPICO1T08:09","1999/08/12",1,1,1,"POTR5","D",0.6,2,"","2025/10/22","True","1","1","10","25","250","",""
"297","2025/10/22","FPICO1T08:09","1999/08/12",1,1,1,"POTR5","L",2,1,"","2025/10/22","True","1","1","10","25","250","",""
"298","2025/10/22","FPICO1T08:09","2000/08/21",1,1,1,"ABLA","L",0.15,5,"","2025/10/22","True","1","1","10","25","250","",""
"299","2025/10/22","FPICO1T08:09","2000/08/21",1,1,1,"ABLA","D",0.15,1,"","2025/10/22","True","1","1","10","25","250","",""
"300","2025/10/22","FPICO1T08:09","2000/08/21",1,1,1,"ABLA","L",0.6,1,"","2025/10/22","True","1","1","10","25","250","",""
"301","2025/10/22","FPICO1T08:09","2000/08/21",1,1,1,"ABLA","L",1,1,"","2025/10/22","True","1","1","10","25","250","",""
"302","2025/10/22","FPICO1T08:09","2000/08/21",1,1,1,"ABLA","D",2,1,"","2025/10/22","True","1","1","10","25","250","",""
"303","2025/10/22","FPICO1T08:09","2000/08/21",1,1,1,"PICO","L",0.6,1,"","2025/10/22","True","1","1","10","25","250","",""
"304","2025/10/22","FPICO1T08:09","2000/08/21",1,1,1,"POTR5","D",0.6,1,"","2025/10/22","True","1","1","10","25","250","",""
"305","2025/10/22","FPICO1T08:09","2000/08/21",1,1,1,"POTR5","D",2,1,"","2025/10/22","True","1","1","10","25","250","",""
"306","2025/10/22","FPICO1T08:09","2003/08/13",1,1,1,"ABLA","L",0.15,1,"","2025/10/22","True","1","1","10","25","250","",""
"307","2025/10/22","FPICO1T08:09","2003/08/13",1,1,1,"ABLA","L",1,1,"","2025/10/22","True","1","1","10","25","250","",""
"308","2025/10/22","FPICO1T08:09","2003/08/13",1,1,1,"ABLA","D",2,1,"","2025/10/22","True","1","1","10","25","250","",""
"309","2025/10/22","FPICO1T08:09","2003/08/13",1,1,1,"ABLA","D",3,1,"","2025/10/22","True","1","1","10","25","250","",""
"310","2025/10/22","FPICO1T08:09","2003/08/13",1,1,1,"PICO","L",0.3,2,"","2025/10/22","True","1","1","10","25","250","",""
"311","2025/10/22","FPICO1T08:09","2003/08/13",1,1,1,"PIEN","L",0.15,1,"","2025/10/22","True","1","1","10","25","250","",""
"312","2025/10/22","FPICO1T08:10","1998/07/29",1,1,1,"ABLA","L",0.3,1,"","2025/10/22","True","1","1","10","25","250","",""
"313","2025/10/22","FPICO1T08:10","1998/07/29",1,1,1,"ABLA","L",0.6,1,"","2025/10/22","True","1","1","10","25","250","",""
"314","2025/10/22","FPICO1T08:10","1998/07/29",1,1,1,"ABLA","L",2,1,"","2025/10/22","True","1","1","10","25","250","",""
"315","2025/10/22","FPICO1T08:10","1998/07/29",1,1,1,"PICO","L",0.6,1,"","2025/10/22","True","1","1","10","25","250","",""
"316","2025/10/22","FPICO1T08:10","1998/07/29",1,1,1,"PICO","L",1,1,"","2025/10/22","True","1","1","10","25","250","",""
"317","2025/10/22","FPICO1T08:10","1999/08/13",1,1,1,"ABLA","L",0.3,1,"","2025/10/22","True","1","1","10","25","250","",""
"318","2025/10/22","FPICO1T08:10","1999/08/13",1,1,1,"PICO","D",0.6,1,"","2025/10/22","True","1","1","10","25","250","",""
"319","2025/10/22","FPICO1T08:10","1999/08/13",1,1,1,"POTR5","L",0.3,1,"","2025/10/22","True","1","1","10","25","250","",""
"320","2025/10/22","FPICO1T08:10","1999/08/13",1,1,1,"POTR5","L",0.6,1,"","2025/10/22","True","1","1","10","25","250","",""
"321","2025/10/22","FPICO1T08:10","1999/08/13",1,1,1,"PIEN","D",0.6,1,"","2025/10/22","True","1","1","10","25","250","",""
"322","2025/10/22","FPICO1T08:10","1999/08/13",1,1,1,"PIEN","L",2,1,"","2025/10/22","True","1","1","10","25","250","",""
"323","2025/10/22","FPICO1T08:10","2000/08/21",1,1,1,"ABLA","L",0.15,1,"","2025/10/22","True","1","1","10","25","250","",""
"324","2025/10/22","FPICO1T08:10","2000/08/21",1,1,1,"ABLA","L",0.3,1,"","2025/10/22","True","1","1","10","25","250","",""
"325","2025/10/22","FPICO1T08:10","2000/08/21",1,1,1,"PICO","D",0.6,1,"","2025/10/22","True","1","1","10","25","250","",""
"326","2025/10/22","FPICO1T08:10","2000/08/21",1,1,1,"PICO","D",1,1,"","2025/10/22","True","1","1","10","25","250","",""
"327","2025/10/22","FPICO1T08:10","2000/08/21",1,1,1,"POTR5","L",0.3,1,"","2025/10/22","True","1","1","10","25","250","",""
"328","2025/10/22","FPICO1T08:10","2000/08/21",1,1,1,"POTR5","L",0.6,1,"","2025/10/22","True","1","1","10","25","250","",""
"329","2025/10/22","FPICO1T08:10","2000/08/21",1,1,1,"PIEN","D",0.6,1,"","2025/10/22","True","1","1","10","25","250","",""
"330","2025/10/22","FPICO1T08:10","2000/08/21",1,1,1,"PIEN","L",2,1,"","2025/10/22","True","1","1","10","25","250","",""
"331","2025/10/22","FPICO1T08:10","2003/08/13",1,1,1,"ABLA","L",0.6,1,"","2025/10/22","True","1","1","10","25","250","",""
"332","2025/10/22","FPICO1T08:10","2003/08/13",1,1,1,"POTR5","L",0.3,2,"","2025/10/22","True","1","1","10","25","250","",""
"333","2025/10/22","FPICO1T08:10","2003/08/13",1,1,1,"POTR5","D",0.3,1,"","2025/10/22","True","1","1","10","25","250","",""
"334","2025/10/22","FPICO1T08:10","2003/08/13",1,1,1,"POTR5","D",0.6,5,"","2025/10/22","True","1","1","10","25","250","",""
"335","2025/10/22","FPICO1T08:10","2003/08/13",1,1,1,"POTR5","L",0.6,1,"","2025/10/22","True","1","1","10","25","250","",""
"336","2025/10/22","FPICO1T08:10","2003/08/13",1,1,1,"PIEN","L",2,1,"","2025/10/22","True","1","1","10","25","250","",""
"337","2025/10/22","FPICO1T08:11","2001/09/14",1,1,1,"ABLA","L",0.15,81,"","2025/10/22","True","1","1","10","25","250","",""
"338","2025/10/22","FPICO1T08:11","2001/09/14",1,1,1,"ABLA","L",0.3,32,"","2025/10/22","True","1","1","10","25","250","",""
"339","2025/10/22","FPICO1T08:11","2001/09/14",1,1,1,"ABLA","L",0.6,27,"","2025/10/22","True","1","1","10","25","250","",""
"340","2025/10/22","FPICO1T08:11","2001/09/14",1,1,1,"ABLA","L",1,1,"","2025/10/22","True","1","1","10","25","250","",""
"341","2025/10/22","FPICO1T08:11","2001/09/14",1,1,1,"PICO","L",0.3,2,"","2025/10/22","True","1","1","10","25","250","",""
"342","2025/10/22","FPICO1T08:11","2001/09/14",1,1,1,"PICO","L",0.6,4,"","2025/10/22","True","1","1","10","25","250","",""
"343","2025/10/22","FPICO1T08:11","2001/09/14",1,1,1,"PICO","L",1,3,"","2025/10/22","True","1","1","10","25","250","",""
"344","2025/10/22","FPICO1T08:11","2001/09/14",1,1,1,"PICO","L",2,7,"","2025/10/22","True","1","1","10","25","250","",""
"345","2025/10/22","FPICO1T08:11","2001/09/14",1,1,1,"PIEN","L",0.15,7,"","2025/10/22","True","1","1","10","25","250","",""
"346","2025/10/22","FPICO1T08:11","2001/09/14",1,1,1,"PIEN","L",0.3,9,"","2025/10/22","True","1","1","10","25","250","",""
"347","2025/10/22","FPICO1T08:11","2001/09/14",1,1,1,"PIEN","L",0.6,1,"","2025/10/22","True","1","1","10","25","250","",""
"348","2025/10/22","FPICO1T08:11","2001/09/14",1,1,1,"PIEN","L",1,1,"","2025/10/22","True","1","1","10","25","250","",""
"349","2025/10/22","FPICO1T08:12","1999/07/22",1,1,1,"ABLA","L",0.15,3,"","2025/10/22","True","1","1","10","25","250","",""
"350","2025/10/22","FPICO1T08:12","1999/07/22",1,1,1,"ABLA","L",0.3,2,"","2025/10/22","True","1","1","10","25","250","",""
"351","2025/10/22","FPICO1T08:12","1999/07/22",1,1,1,"ABLA","L",0.6,2,"","2025/10/22","True","1","1","10","25","250","",""
"352","2025/10/22","FPICO1T08:12","1999/07/22",1,1,1,"PICO","L",0.15,1,"","2025/10/22","True","1","1","10","25","250","",""
"353","2025/10/22","FPICO1T08:12","1999/07/22",1,1,1,"PICO","L",0.3,1,"","2025/10/22","True","1","1","10","25","250","",""
"354","2025/10/22","FPICO1T08:12","1999/07/22",1,1,1,"PICO","L",0.6,1,"","2025/10/22","True","1","1","10","25","250","",""
"355","2025/10/22","FPICO1T08:12","1999/07/22",1,1,1,"PICO","L",2,1,"","2025/10/22","True","1","1","10","25","250","",""
"356","2025/10/22","FPICO1T08:12","1999/07/22",1,1,1,"PICO","L",3,1,"","2025/10/22","True","1","1","10","25","250","",""
"357","2025/10/22","FPICO1T08:12","1999/07/22",1,1,1,"PIEN","L",0.15,1,"","2025/10/22","True","1","1","10","25","250","",""
"358","2025/10/22","FPICO1T08:12","1999/11/10",1,1,1,"ABLA","L",0.15,3,"","2025/10/22","True","1","1","10","25","250","",""
"359","2025/10/22","FPICO1T08:12","1999/11/10",1,1,1,"ABLA","L",0.3,3,"","2025/10/22","True","1","1","10","25","250","",""
"360","2025/10/22","FPICO1T08:12","1999/11/10",1,1,1,"ABLA","L",0.6,2,"","2025/10/22","True","1","1","10","25","250","",""
"361","2025/10/22","FPICO1T08:12","1999/11/10",1,1,1,"PICO","L",0.15,1,"","2025/10/22","True","1","1","10","25","250","",""
"362","2025/10/22","FPICO1T08:12","1999/11/10",1,1,1,"PICO","L",0.3,1,"","2025/10/22","True","1","1","10","25","250","",""
"363","2025/10/22","FPICO1T08:12","1999/11/10",1,1,1,"PICO","L",0.6,1,"","2025/10/22","True","1","1","10","25","250","",""
"364","2025/10/22","FPICO1T08:12","1999/11/10",1,1,1,"PICO","L",2,1,"","2025/10/22","True","1","1","10","25","250","",""
"365","2025/10/22","FPICO1T08:12","1999/11/10",1,1,1,"PICO","L",3,1,"","2025/10/22","True","1","1","10","25","250","",""
"366","2025/10/22","FPICO1T08:12","1999/11/10",1,1,1,"PIEN","L",0.15,1,"","2025/10/22","True","1","1","10","25","250","",""
"367","2025/10/22","FPICO1T08:12","2000/08/16",1,1,1,"ABLA","L",0.15,3,"","2025/10/22","True","1","1","10","25","250","",""
"368","2025/10/22","FPICO1T08:12","2000/08/16",1,1,1,"ABLA","L",0.3,4,"","2025/10/22","True","1","1","10","25","250","",""
"369","2025/10/22","FPICO1T08:12","2000/08/16",1,1,1,"ABLA","L",0.6,3,"","2025/10/22","True","1","1","10","25","250","",""
"370","2025/10/22","FPICO1T08:12","2000/08/16",1,1,1,"PICO","L",0.15,1,"","2025/10/22","True","1","1","10","25","250","",""
"371","2025/10/22","FPICO1T08:12","2000/08/16",1,1,1,"PICO","L",0.3,2,"","2025/10/22","True","1","1","10","25","250","",""
"372","2025/10/22","FPICO1T08:12","2000/08/16",1,1,1,"PICO","L",0.6,1,"","2025/10/22","True","1","1","10","25","250","",""
"373","2025/10/22","FPICO1T08:12","2000/08/16",1,1,1,"PICO","L",2,1,"","2025/10/22","True","1","1","10","25","250","",""
"374","2025/10/22","FPICO1T08:12","2000/08/16",1,1,1,"PIEN","L",0.15,5,"","2025/10/22","True","1","1","10","25","250","",""
"375","2025/10/22","FPICO1T08:12","2001/08/14",1,1,1,"ABLA","L",0.15,6,"","2025/10/22","True","1","1","10","25","250","",""
"376","2025/10/22","FPICO1T08:12","2001/08/14",1,1,1,"ABLA","L",0.3,1,"","2025/10/22","True","1","1","10","25","250","",""
"377","2025/10/22","FPICO1T08:12","2001/08/14",1,1,1,"ABLA","L",0.6,1,"","2025/10/22","True","1","1","10","25","250","",""
"378","2025/10/22","FPICO1T08:12","2001/08/14",1,1,1,"ABLA","L",2,1,"","2025/10/22","True","1","1","10","25","250","",""
"379","2025/10/22","FPICO1T08:12","2001/08/14",1,1,1,"PICO","L",0.15,1,"","2025/10/22","True","1","1","10","25","250","",""
"380","2025/10/22","FPICO1T08:12","2001/08/14",1,1,1,"PICO","L",0.3,2,"","2025/10/22","True","1","1","10","25","250","",""
"381","2025/10/22","FPICO1T08:12","2001/08/14",1,1,1,"PICO","L",0.6,1,"","2025/10/22","True","1","1","10","25","250","",""
"382","2025/10/22","FPICO1T08:12","2001/08/14",1,1,1,"PIEN","L",0.15,3,"","2025/10/22","True","1","1","10","25","250","",""
"383","2025/10/22","FPICO1T08:13","2001/09/12",1,1,1,"ABLA","L",0.15,10,"","2025/10/22","True","1","1","10","25","250","",""
"384","2025/10/22","FPICO1T08:13","2001/09/12",1,1,1,"ABLA","L",0.3,10,"","2025/10/22","True","1","1","10","25","250","",""
"385","2025/10/22","FPICO1T08:13","2001/09/12",1,1,1,"ABLA","L",0.6,9,"","2025/10/22","True","1","1","10","25","250","",""
"386","2025/10/22","FPICO1T08:13","2001/09/12",1,1,1,"ABLA","L",1,3,"","2025/10/22","True","1","1","10","25","250","",""
"387","2025/10/22","FPICO1T08:13","2001/09/12",1,1,1,"ABLA","L",2,1,"","2025/10/22","True","1","1","10","25","250","",""
"388","2025/10/22","FPICO1T08:13","2001/09/12",1,1,1,"PICO","L",0.3,2,"","2025/10/22","True","1","1","10","25","250","",""
"389","2025/10/22","FPICO1T08:13","2001/09/12",1,1,1,"PICO","L",1,2,"","2025/10/22","True","1","1","10","25","250","",""
"390","2025/10/22","FPICO1T08:13","2001/09/12",1,1,1,"PIEN","L",0.15,1,"","2025/10/22","True","1","1","10","25","250","",""
"391","2025/10/22","FPICO1T08:13","2001/09/12",1,1,1,"PIEN","L",0.3,1,"","2025/10/22","True","1","1","10","25","250","",""
"392","2025/10/22","FPICO1T08:13","2001/09/12",1,1,1,"PIEN","L",0.6,1,"","2025/10/22","True","1","1","10","25","250","",""
"393","2025/10/22","FPICO1T08:14","1999/09/14",1,1,1,"ABLA","L",0.3,1,"","2025/10/22","True","1","1","10","25","250","",""
"394","2025/10/22","FPICO1T08:14","1999/09/14",1,1,1,"ABLA","L",0.6,2,"","2025/10/22","True","1","1","10","25","250","",""
"395","2025/10/22","FPICO1T08:14","1999/09/14",1,1,1,"PIEN","L",2,1,"","2025/10/22","True","1","1","10","25","250","",""
"396","2025/10/22","FPICO1T08:15","1999/09/15",1,1,1,"ABLA","L",0.15,1,"","2025/10/22","True","1","1","10","25","250","",""
"397","2025/10/22","FPICO1T08:15","1999/09/15",1,1,1,"ABLA","L",1,1,"","2025/10/22","True","1","1","10","25","250","",""
"398","2025/10/22","FPICO1T08:15","1999/09/15",1,1,1,"PICO","L",3,1,"","2025/10/22","True","1","1","10","25","250","",""
"399","2025/10/22","FPICO1T08:16","1999/09/16",1,1,1,"ABLA","L",0.15,17,"","2025/10/22","True","1","1","10","25","250","",""
"400","2025/10/22","FPICO1T08:16","1999/09/16",1,1,1,"ABLA","L",0.3,1,"","2025/10/22","True","1","1","10","25","250","",""
"401","2025/10/22","FPICO1T08:16","1999/09/16",1,1,1,"ABLA","L",1,1,"","2025/10/22","True","1","1","10","25","250","",""
"402","2025/10/22","FPICO1T08:16","1999/09/16",1,1,1,"ABLA","L",2,1,"","2025/10/22","True","1","1","10","25","250","",""
"403","2025/10/22","FPICO1T08:16","1999/09/16",1,1,1,"PICO","L",0.15,6,"","2025/10/22","True","1","1","10","25","250","",""
"404","2025/10/22","FPICO1T08:16","1999/09/16",1,1,1,"PICO","L",0.3,7,"","2025/10/22","True","1","1","10","25","250","",""
"405","2025/10/22","FPICO1T08:16","1999/09/16",1,1,1,"PICO","L",0.6,7,"","2025/10/22","True","1","1","10","25","250","",""
"406","2025/10/22","FPICO1T08:16","1999/09/16",1,1,1,"PICO","L",1,3,"","2025/10/22","True","1","1","10","25","250","",""
"407","2025/10/22","FPICO1T08:16","1999/09/16",1,1,1,"PICO","L",2,3,"","2025/10/22","True","1","1","10","25","250","",""
"408","2025/10/22","FPICO1T08:19","1999/09/16",1,1,1,"ABLA","L",0.3,2,"","2025/10/22","True","1","1","10","25","250","",""
"409","2025/10/22","FPICO1T08:19","1999/09/16",1,1,1,"PICO","L",2,1,"","2025/10/22","True","1","1","10","25","250","",""
"410","2025/10/22","FPICO1T08:19","1999/09/16",1,1,1,"PIEN","L",0.6,1,"","2025/10/22","True","1","1","10","25","250","",""
"411","2025/10/22","FPICO1T08:19","1999/09/16",1,1,1,"PIEN","L",2,1,"","2025/10/22","True","1","1","10","25","250","",""
"412","2025/10/22","FPICO1T08:20","1999/09/16",1,1,1,"PICO","L",0.15,1,"","2025/10/22","True","1","1","10","25","250","",""
"413","2025/10/22","FPICO1T08:20","1999/09/16",1,1,1,"PICO","L",1,2,"","2025/10/22","True","1","1","10","25","250","",""
"414","2025/10/22","FPICO1T08:20","1999/09/16",1,1,1,"PICO","D",1,2,"","2025/10/22","True","1","1","10","25","250","",""
"415","2025/10/22","FPICO1T08:20","1999/09/16",1,1,1,"PICO","L",2,3,"","2025/10/22","True","1","1","10","25","250","",""
"416","2025/10/22","FPICO1T08:20","1999/09/16",1,1,1,"PICO","D",2,1,"","2025/10/22","True","1","1","10","25","250","",""
"417","2025/10/22","FPICO1T08:20","1999/09/16",1,1,1,"PICO","L",3,1,"","2025/10/22","True","1","1","10","25","250","",""
"418","2025/10/22","FPICO1T08:21","2000/08/19",1,1,1,"ABLA","L",0.15,1,"","2025/10/22","True","1","1","10","25","250","",""
"419","2025/10/22","FPICO1T08:21","2000/08/19",1,1,1,"ABLA","L",0.6,1,"","2025/10/22","True","1","1","10","25","250","",""
"420","2025/10/22","FPICO1T08:21","2000/08/19",1,1,1,"PIEN","L",0.3,2,"","2025/10/22","True","1","1","10","25","250","",""
"421","2025/10/22","FPICO1T08:21","2000/08/19",1,1,1,"PIEN","L",0.6,1,"","2025/10/22","True","1","1","10","25","250","",""
"422","2025/10/22","FPICO1T08:21","2000/08/19",1,1,1,"PIEN","L",0.6,1,"","2025/10/22","True","1","1","10","25","250","",""
"423","2025/10/22","FPICO1T08:24","2000/09/22",1,1,1,"ABLA","L",0.15,17,"","2025/10/22","True","1","1","10","25","250","",""
"424","2025/10/22","FPICO1T08:24","2000/09/22",1,1,1,"ABLA","L",0.3,10,"","2025/10/22","True","1","1","10","25","250","",""
"425","2025/10/22","FPICO1T08:24","2000/09/22",1,1,1,"ABLA","L",0.6,11,"","2025/10/22","True","1","1","10","25","250","",""
"426","2025/10/22","FPICO1T08:24","2000/09/22",1,1,1,"PICO","L",0.15,54,"","2025/10/22","True","1","1","10","25","250","",""
"427","2025/10/22","FPICO1T08:24","2000/09/22",1,1,1,"PICO","L",0.3,27,"","2025/10/22","True","1","1","10","25","250","",""
"428","2025/10/22","FPICO1T08:24","2000/09/22",1,1,1,"PICO","L",0.6,55,"","2025/10/22","True","1","1","10","25","250","",""
"429","2025/10/22","FPICO1T08:24","2000/09/22",1,1,1,"PICO","L",1,21,"","2025/10/22","True","1","1","10","25","250","",""
"430","2025/10/22","FPICO1T08:24","2000/09/22",1,1,1,"PICO","L",2,2,"","2025/10/22","True","1","1","10","25","250","",""
"431","2025/10/22","FPICO1T08:24","2000/09/22",1,1,1,"PIEN","L",0.15,24,"","2025/10/22","True","1","1","10","25","250","",""
"432","2025/10/22","FPICO1T08:24","2000/09/22",1,1,1,"PIEN","L",0.3,12,"","2025/10/22","True","1","1","10","25","250","",""
"433","2025/10/22","FPICO1T08:24","2000/09/22",1,1,1,"PIEN","L",0.6,8,"","2025/10/22","True","1","1","10","25","250","",""
"434","2025/10/22","FPICO1T08:24","2000/09/22",1,1,1,"PIEN","L",1,1,"","2025/10/22","True","1","1","10","25","250","",""
"435","2025/10/22","FPICO1T08:24","2000/09/22",1,1,1,"PIEN","L",2,1,"","2025/10/22","True","1","1","10","25","250","",""
"436","2025/10/22","FPICO1T08:25","2000/09/22",1,1,1,"ABLA","L",0.15,19,"","2025/10/22","True","1","1","10","25","250","",""
"437","2025/10/22","FPICO1T08:25","2000/09/22",1,1,1,"ABLA","L",0.3,14,"","2025/10/22","True","1","1","10","25","250","",""
"438","2025/10/22","FPICO1T08:25","2000/09/22",1,1,1,"ABLA","L",0.6,11,"","2025/10/22","True","1","1","10","25","250","",""
"439","2025/10/22","FPICO1T08:25","2000/09/22",1,1,1,"ABLA","L",1,3,"","2025/10/22","True","1","1","10","25","250","",""
"440","2025/10/22","FPICO1T08:25","2000/09/22",1,1,1,"ABLA","L",2,1,"","2025/10/22","True","1","1","10","25","250","",""
"441","2025/10/22","FPICO1T08:25","2000/09/22",1,1,1,"PICO","L",0.15,3,"","2025/10/22","True","1","1","10","25","250","",""
"442","2025/10/22","FPICO1T08:25","2000/09/22",1,1,1,"PICO","L",0.3,4,"","2025/10/22","True","1","1","10","25","250","",""
"443","2025/10/22","FPICO1T08:25","2000/09/22",1,1,1,"PICO","L",0.6,3,"","2025/10/22","True","1","1","10","25","250","",""
"444","2025/10/22","FPICO1T08:25","2000/09/22",1,1,1,"PICO","L",1,1,"","2025/10/22","True","1","1","10","25","250","",""
"445","2025/10/22","FPICO1T08:25","2000/09/22",1,1,1,"PICO","L",2,3,"","2025/10/22","True","1","1","10","25","250","",""
"446","2025/10/22","FPICO1T08:25","2000/09/22",1,1,1,"PICO","L",3,1,"","2025/10/22","True","1","1","10","25","250","",""
"447","2025/10/22","FPICO1T08:25","2000/09/22",1,1,1,"PIEN","L",0.3,1,"","2025/10/22","True","1","1","10","25","250","",""
"448","2025/10/22","FPICO1T08:25","2000/09/22",1,1,1,"PIEN","L",0.6,1,"","2025/10/22","True","1","1","10","25","250","",""
"449","2025/10/22","FPICO1T08:25","2000/09/22",1,1,1,"PIEN","L",1,3,"","2025/10/22","True","1","1","10","25","250","",""
"450","2025/10/22","FPICO1T08:25","2000/09/22",1,1,1,"PIEN","L",2,3,"","2025/10/22","True","1","1","10","25","250","",""
"451","2025/10/22","FPICO1T08:25","2000/09/22",1,1,1,"PIEN","L",3,1,"","2025/10/22","True","1","1","10","25","250","",""
