"","Macroplot","MonStatusOrd","MonStatus","Species","SciName","CommName","Individuals","Sapling","Seedling","Snag","Total","BA","LiCrBHt","Height","QMD","CrFuBHt","CrScPct","ScorchHt","CharHt","LiveSeedling","DeadSeedling","LiveSapling","DeadSapling","BASapling"
"1","FPICO1T08:08",1,"00PreBurn01","ABLA","Abies lasiocarpa","subalpine fir",24.2816673411574,NA,NA,4.04694455685957,24.2816673411574,3.23972109705233,NA,17.06016,4.94596479379234,NA,NA,NA,NA,NA,NA,NA,NA,NA
"2","FPICO1T08:08",1,"00PreBurn01","PICO","Pinus contorta","lodgepole pine, scrub pine, shore pine, tamarack pine",109.267503035208,NA,NA,28.328611898017,109.267503035208,72.3075614467692,NA,18.8646,11.014957084037,NA,NA,NA,NA,NA,NA,NA,NA,NA
"3","FPICO1T08:08",4,"01PostBurnYear00","ABLA","Abies lasiocarpa","subalpine fir",32.3755564548766,NA,NA,4.04694455685957,32.3755564548766,1.70207325256461,NA,17.06016,3.92714516602073,NA,0.00111111111111111,1.0936,0,NA,NA,NA,NA,NA
"4","FPICO1T08:08",4,"01PostBurnYear00","PICO","Pinus contorta","lodgepole pine, scrub pine, shore pine, tamarack pine",161.877782274383,NA,NA,40.4694455685957,161.877782274383,1.15645186096863,NA,18.8646,3.61915028749153,NA,0,0,0,NA,NA,NA,NA,NA
"5","FPICO1T08:08",5,"01PostBurnYear01","ABLA","Abies lasiocarpa","subalpine fir",48.5633346823149,NA,NA,8.09388911371914,48.5633346823149,2.95264377720772,NA,17.4976,3.33877949831846,NA,0,0,0,NA,NA,NA,NA,NA
"6","FPICO1T08:08",5,"01PostBurnYear01","PICO","Pinus contorta","lodgepole pine, scrub pine, shore pine, tamarack pine",210.441116956698,NA,NA,48.5633346823149,210.441116956698,131.685934979364,NA,19.0882909090909,10.7112673134472,NA,0,0,0,NA,NA,NA,NA,NA
"7","FPICO1T08:08",5,"01PostBurnYear01","PIEN","Picea engelmannii","columbian spruce, Engelmann spruce, Engelmann's spruce, mountain spruce, silver spruce, white spruce",32.3755564548766,NA,NA,0,32.3755564548766,1.84805810821674,NA,17.6343,3.23508466943487,NA,0,0,0,NA,NA,NA,NA,NA
"8","FPICO1T08:08",6,"01PostBurnYear02","ABLA","Abies lasiocarpa","subalpine fir",32.3755564548766,NA,NA,4.04694455685957,32.3755564548766,4.15945647893564,NA,15.09168,4.8534005232324,NA,0,0,0,NA,NA,NA,NA,NA
"9","FPICO1T08:08",6,"01PostBurnYear02","PICO","Pinus contorta","lodgepole pine, scrub pine, shore pine, tamarack pine",117.361392148928,NA,NA,24.2816673411574,117.361392148928,72.0593495583801,NA,14.9979428571429,10.6100884339262,NA,0,0,0,NA,NA,NA,NA,NA
"10","FPICO1T08:08",7,"01PostBurnYear05","ABLA","Abies lasiocarpa","subalpine fir",44.5163901254553,NA,NA,4.04694455685957,44.5163901254553,3.78900322911112,NA,11.2484571428571,3.95038095606096,NA,0,0,0,NA,NA,NA,NA,NA
"11","FPICO1T08:08",7,"01PostBurnYear05","PICO","Pinus contorta","lodgepole pine, scrub pine, shore pine, tamarack pine",101.173613921489,NA,NA,28.328611898017,101.173613921489,62.3610901216415,NA,19.02864,10.6306465456366,NA,0,0,0,NA,NA,NA,NA,NA
"12","FPICO1T08:08",16,"02PostBurnYear05","ABLA","Abies lasiocarpa","subalpine fir",101.173613921489,NA,NA,0,101.173613921489,12.212161758853,0.16404,32.808,4.70434434732408,NA,NA,NA,NA,NA,NA,NA,NA,NA
"13","FPICO1T08:08",16,"02PostBurnYear05","PICO","Pinus contorta","lodgepole pine, scrub pine, shore pine, tamarack pine",113.820315661675,NA,NA,88.5269121813031,113.820315661675,49.0523184893152,9.67836,50.68836,8.88907024082509,NA,NA,NA,NA,NA,NA,NA,NA,NA
"14","FPICO1T08:08",16,"02PostBurnYear05","PIEN","Picea engelmannii","columbian spruce, Engelmann spruce, Engelmann's spruce, mountain spruce, silver spruce, white spruce",37.9401052205585,NA,NA,0,37.9401052205585,9.44415444045494,0.65616,39.20556,6.75567480381247,NA,NA,NA,NA,NA,NA,NA,NA,NA
"15","FPICO1T08:09",1,"00PreBurn01","ABLA","Abies lasiocarpa","subalpine fir",8.09388911371914,NA,NA,0,8.09388911371914,3.19370524730963,NA,32.808,8.50560581669819,NA,NA,NA,NA,NA,NA,NA,NA,NA
"16","FPICO1T08:09",1,"00PreBurn01","PICO","Pinus contorta","lodgepole pine, scrub pine, shore pine, tamarack pine",226.628895184136,NA,NA,28.328611898017,226.628895184136,77.7783498995249,NA,27.7903058823529,7.93246533522794,NA,NA,NA,NA,NA,NA,NA,NA,NA
"17","FPICO1T08:09",4,"01PostBurnYear00","ABLA","Abies lasiocarpa","subalpine fir",8.09388911371914,NA,NA,0,8.09388911371914,3.21221422478978,NA,32.808,8.53021714087631,NA,0,0,0,NA,NA,NA,NA,NA
"18","FPICO1T08:09",4,"01PostBurnYear00","PICO","Pinus contorta","lodgepole pine, scrub pine, shore pine, tamarack pine",226.628895184136,NA,NA,28.328611898017,226.628895184136,78.1325864112245,NA,27.7903058823529,7.95050876673917,NA,0,0,0,NA,NA,NA,NA,NA
"19","FPICO1T08:09",5,"01PostBurnYear01","ABLA","Abies lasiocarpa","subalpine fir",8.09388911371914,NA,NA,0,8.09388911371914,0.699611978727514,NA,32.808,5.62991,NA,0,0,0,NA,NA,NA,NA,NA
"20","FPICO1T08:09",5,"01PostBurnYear01","PICO","Pinus contorta","lodgepole pine, scrub pine, shore pine, tamarack pine",226.628895184136,NA,NA,28.328611898017,226.628895184136,6.63788040983586,NA,27.7903058823529,4.20594011692077,NA,0,0,0.265588571428571,NA,NA,NA,NA,NA
"21","FPICO1T08:09",6,"01PostBurnYear02","ABLA","Abies lasiocarpa","subalpine fir",8.09388911371914,NA,NA,0,8.09388911371914,3.16397456074725,NA,29.5272,8.46592326069638,NA,0,0,0,NA,NA,NA,NA,NA
"22","FPICO1T08:09",6,"01PostBurnYear02","PICO","Pinus contorta","lodgepole pine, scrub pine, shore pine, tamarack pine",226.628895184136,NA,NA,32.3755564548766,226.628895184136,78.7435537307078,NA,28.1762823529412,7.98153322300922,NA,0,0,0,NA,NA,NA,NA,NA
"23","FPICO1T08:09",7,"01PostBurnYear05","PICO","Pinus contorta","lodgepole pine, scrub pine, shore pine, tamarack pine",230.675839740996,NA,NA,20.2347227842979,230.675839740996,82.7437508932478,NA,28.50195,8.10966674914185,NA,0,0,0,NA,NA,NA,NA,NA
"24","FPICO1T08:09",7,"01PostBurnYear05","PIEN","Picea engelmannii","columbian spruce, Engelmann spruce, Engelmann's spruce, mountain spruce, silver spruce, white spruce",4.04694455685957,NA,NA,4.04694455685957,4.04694455685957,2.64408098997394,NA,NA,10.94486,NA,0,0,0,NA,NA,NA,NA,NA
"25","FPICO1T08:09",16,"02PostBurnYear05","ABLA","Abies lasiocarpa","subalpine fir",12.6467017401862,NA,NA,0,12.6467017401862,0.494371025116757,NA,NA,2.67716,NA,NA,NA,NA,NA,NA,NA,NA,NA
"26","FPICO1T08:09",16,"02PostBurnYear05","PICO","Pinus contorta","lodgepole pine, scrub pine, shore pine, tamarack pine",240.287333063537,NA,NA,139.113719142048,240.287333063537,85.6339568074217,21.3252,51.1611811764706,8.08339922317729,NA,NA,NA,NA,NA,NA,NA,NA,NA
"27","FPICO1T08:10",1,"00PreBurn01","PICO","Pinus contorta","lodgepole pine, scrub pine, shore pine, tamarack pine",238.769728854715,NA,NA,24.2816673411574,238.769728854715,63.0585467111246,NA,25.6388444444444,6.95855087468575,NA,NA,NA,NA,NA,NA,NA,NA,NA
"28","FPICO1T08:10",1,"00PreBurn01","PIEN","Picea engelmannii","columbian spruce, Engelmann spruce, Engelmann's spruce, mountain spruce, silver spruce, white spruce",12.1408336705787,NA,NA,0,12.1408336705787,1.75671065928513,NA,22.9656,5.15065338328708,NA,NA,NA,NA,NA,NA,NA,NA,NA
"29","FPICO1T08:10",1,"00PreBurn01","POTR5","Populus tremuloides","quaking aspen",4.04694455685957,NA,NA,0,4.04694455685957,1.05976725771742,NA,NA,6.92912,NA,NA,NA,NA,NA,NA,NA,NA,NA
"30","FPICO1T08:10",4,"01PostBurnYear00","PICO","Pinus contorta","lodgepole pine, scrub pine, shore pine, tamarack pine",238.769728854715,NA,NA,52.6102792391744,238.769728854715,10.2481916068235,NA,21.7938857142857,4.07209064157862,NA,0.000694444444444444,0.159483333333333,0.21872,NA,NA,NA,NA,NA
"31","FPICO1T08:10",4,"01PostBurnYear00","PIEN","Picea engelmannii","columbian spruce, Engelmann spruce, Engelmann's spruce, mountain spruce, silver spruce, white spruce",12.1408336705787,NA,NA,0,12.1408336705787,0.362994918788152,NA,21.3252,2.86753091604955,NA,0,0,0,NA,NA,NA,NA,NA
"32","FPICO1T08:10",4,"01PostBurnYear00","POTR5","Populus tremuloides","quaking aspen",8.09388911371914,NA,NA,0,8.09388911371914,0.452460678696825,NA,32.808,4.52755,NA,0,0,0,NA,NA,NA,NA,NA
"33","FPICO1T08:10",4,"01PostBurnYear00","PRVI","Prunus virginiana","chokecherry, chokecherry (common), common chokecherry, Virginia chokecherry",4.04694455685957,NA,NA,0,4.04694455685957,0.0249409326858212,NA,13.1232,1.06299,NA,0,0,0,NA,NA,NA,NA,NA
"34","FPICO1T08:10",5,"01PostBurnYear01","PICO","Pinus contorta","lodgepole pine, scrub pine, shore pine, tamarack pine",238.769728854715,NA,NA,40.4694455685957,238.769728854715,60.3622574038961,NA,21.7938857142857,6.80815703498858,NA,0,0,0,NA,NA,NA,NA,NA
"35","FPICO1T08:10",5,"01PostBurnYear01","PIEN","Picea engelmannii","columbian spruce, Engelmann spruce, Engelmann's spruce, mountain spruce, silver spruce, white spruce",12.1408336705787,NA,NA,0,12.1408336705787,1.75900289864034,NA,21.3252,5.15401269616209,NA,0,0,0,NA,NA,NA,NA,NA
"36","FPICO1T08:10",5,"01PostBurnYear01","POTR5","Populus tremuloides","quaking aspen",8.09388911371914,NA,NA,0,8.09388911371914,1.51222793641424,NA,32.808,5.85283747326457,NA,0,0,0,NA,NA,NA,NA,NA
"37","FPICO1T08:10",5,"01PostBurnYear01","PRVI","Prunus virginiana","chokecherry, chokecherry (common), common chokecherry, Virginia chokecherry",4.04694455685957,NA,NA,0,4.04694455685957,0.0249409326858212,NA,13.1232,1.06299,NA,0,0,0,NA,NA,NA,NA,NA
"38","FPICO1T08:10",6,"01PostBurnYear02","PICO","Pinus contorta","lodgepole pine, scrub pine, shore pine, tamarack pine",214.488061513557,NA,NA,56.657223796034,214.488061513557,58.094993193897,NA,21.4743272727273,7.04699967737883,NA,0,0,0,NA,NA,NA,NA,NA
"39","FPICO1T08:10",6,"01PostBurnYear02","PIEN","Picea engelmannii","columbian spruce, Engelmann spruce, Engelmann's spruce, mountain spruce, silver spruce, white spruce",12.1408336705787,NA,NA,0,12.1408336705787,1.85743234080373,NA,21.3252,5.29625281678471,NA,0,0,0,NA,NA,NA,NA,NA
"40","FPICO1T08:10",6,"01PostBurnYear02","POTR5","Populus tremuloides","quaking aspen",4.04694455685957,NA,NA,8.09388911371914,4.04694455685957,1.00040852217572,NA,NA,6.73227,NA,0,0,0,NA,NA,NA,NA,NA
"41","FPICO1T08:10",7,"01PostBurnYear05","ABLA","Abies lasiocarpa","subalpine fir",4.04694455685957,NA,NA,0,4.04694455685957,0.0231276687182649,NA,9.8424,1.02362,NA,0,0,0,NA,NA,NA,NA,NA
"42","FPICO1T08:10",7,"01PostBurnYear05","PICO","Pinus contorta","lodgepole pine, scrub pine, shore pine, tamarack pine",218.535006070417,NA,NA,44.5163901254553,218.535006070417,59.6218983046901,NA,24.2493913043478,7.07259604186364,NA,0,0,0,NA,NA,NA,NA,NA
"43","FPICO1T08:10",7,"01PostBurnYear05","PIEN","Picea engelmannii","columbian spruce, Engelmann spruce, Engelmann's spruce, mountain spruce, silver spruce, white spruce",12.1408336705787,NA,NA,0,12.1408336705787,1.88747094011532,NA,26.2464,5.33890684741424,NA,0,0,0,NA,NA,NA,NA,NA
"44","FPICO1T08:10",7,"01PostBurnYear05","POTR5","Populus tremuloides","quaking aspen",4.04694455685957,NA,NA,8.09388911371914,4.04694455685957,1.0121434191733,NA,NA,6.77164,NA,0,0,0,NA,NA,NA,NA,NA
"45","FPICO1T08:10",16,"02PostBurnYear05","PICO","Pinus contorta","lodgepole pine, scrub pine, shore pine, tamarack pine",0,NA,NA,139.113719142048,0,0,NA,NA,NA,NA,NA,NA,NA,NA,NA,NA,NA,NA
"46","FPICO1T08:11",1,"00PreBurn01","ABLA","Abies lasiocarpa","subalpine fir",157.830837717523,NA,NA,12.1408336705787,157.830837717523,17.429298531317,NA,22.658025,4.49966813799042,NA,NA,NA,NA,NA,NA,NA,NA,NA
"47","FPICO1T08:11",1,"00PreBurn01","PICO","Pinus contorta","lodgepole pine, scrub pine, shore pine, tamarack pine",44.5163901254553,NA,NA,36.4225010117361,44.5163901254553,17.175681063553,NA,18.5912,8.41072580215881,NA,NA,NA,NA,NA,NA,NA,NA,NA
"48","FPICO1T08:11",1,"00PreBurn01","PIEN","Picea engelmannii","columbian spruce, Engelmann spruce, Engelmann's spruce, mountain spruce, silver spruce, white spruce",93.0797248077701,NA,NA,8.09388911371914,93.0797248077701,21.5476315519696,NA,19.6848,6.51491398577575,NA,NA,NA,NA,NA,NA,NA,NA,NA
"49","FPICO1T08:11",7,"01PostBurnYear05","ABLA","Abies lasiocarpa","subalpine fir",0,NA,NA,37.9401052205585,0,0,NA,NA,NA,NA,NA,NA,NA,NA,NA,NA,NA,NA
"50","FPICO1T08:11",7,"01PostBurnYear05","PICO","Pinus contorta","lodgepole pine, scrub pine, shore pine, tamarack pine",0,NA,NA,278.227438284096,0,0,NA,NA,NA,NA,NA,NA,NA,NA,NA,NA,NA,NA
"51","FPICO1T08:11",7,"01PostBurnYear05","PIEN","Picea engelmannii","columbian spruce, Engelmann spruce, Engelmann's spruce, mountain spruce, silver spruce, white spruce",0,NA,NA,12.6467017401862,0,0,NA,NA,NA,NA,NA,NA,NA,NA,NA,NA,NA,NA
"52","FPICO1T08:12",1,"00PreBurn01","ABLA","Abies lasiocarpa","subalpine fir",4.04694455685957,NA,NA,0,4.04694455685957,0.988742050233515,NA,NA,6.6929,NA,NA,NA,NA,NA,NA,NA,NA,NA
"53","FPICO1T08:12",1,"00PreBurn01","PICO","Pinus contorta","lodgepole pine, scrub pine, shore pine, tamarack pine",178.065560501821,NA,NA,72.8450020234723,178.065560501821,73.0203452486572,NA,22.2084923076923,8.67098503319653,NA,NA,NA,NA,NA,NA,NA,NA,NA
"54","FPICO1T08:12",1,"00PreBurn01","PIEN","Picea engelmannii","columbian spruce, Engelmann spruce, Engelmann's spruce, mountain spruce, silver spruce, white spruce",4.04694455685957,NA,NA,0,4.04694455685957,6.68389625957856,NA,NA,17.40154,NA,NA,NA,NA,NA,NA,NA,NA,NA
"55","FPICO1T08:12",4,"01PostBurnYear00","ABLA","Abies lasiocarpa","subalpine fir",4.04694455685957,NA,NA,0,4.04694455685957,0,NA,NA,NA,NA,0,0,0,NA,NA,NA,NA,NA
"56","FPICO1T08:12",4,"01PostBurnYear00","PICO","Pinus contorta","lodgepole pine, scrub pine, shore pine, tamarack pine",178.065560501821,NA,NA,72.8450020234723,178.065560501821,7.6748621241119,NA,22.2084923076923,3.65697044949305,NA,0,0,0,NA,NA,NA,NA,NA
"57","FPICO1T08:12",4,"01PostBurnYear00","PIEN","Picea engelmannii","columbian spruce, Engelmann spruce, Engelmann's spruce, mountain spruce, silver spruce, white spruce",4.04694455685957,NA,NA,0,4.04694455685957,0,NA,NA,NA,NA,0.01,4.26504,0.65616,NA,NA,NA,NA,NA
"58","FPICO1T08:12",5,"01PostBurnYear01","ABLA","Abies lasiocarpa","subalpine fir",4.04694455685957,NA,NA,0,4.04694455685957,0.908992648188729,NA,NA,6.41731,NA,0,0,0,NA,NA,NA,NA,NA
"59","FPICO1T08:12",5,"01PostBurnYear01","PICO","Pinus contorta","lodgepole pine, scrub pine, shore pine, tamarack pine",178.065560501821,NA,NA,72.8450020234723,178.065560501821,72.9923936135347,NA,20.9466461538462,8.66932528064678,NA,0,0,0,NA,NA,NA,NA,NA
"60","FPICO1T08:12",5,"01PostBurnYear01","PIEN","Picea engelmannii","columbian spruce, Engelmann spruce, Engelmann's spruce, mountain spruce, silver spruce, white spruce",4.04694455685957,NA,NA,0,4.04694455685957,6.56346816211067,NA,NA,17.24406,NA,0,0,0,NA,NA,NA,NA,NA
"61","FPICO1T08:12",6,"01PostBurnYear02","ABLA","Abies lasiocarpa","subalpine fir",4.04694455685957,NA,NA,0,4.04694455685957,1.04775866049832,NA,NA,6.88975,NA,0,0,0,NA,NA,NA,NA,NA
"62","FPICO1T08:12",6,"01PostBurnYear02","PICO","Pinus contorta","lodgepole pine, scrub pine, shore pine, tamarack pine",186.15944961554,NA,NA,64.7511129097531,186.15944961554,73.9822646771819,NA,20.505,8.53606529922459,NA,0,0,0,NA,NA,NA,NA,NA
"63","FPICO1T08:12",6,"01PostBurnYear02","PIEN","Picea engelmannii","columbian spruce, Engelmann spruce, Engelmann's spruce, mountain spruce, silver spruce, white spruce",4.04694455685957,NA,NA,0,4.04694455685957,6.503664663709,NA,NA,17.16532,NA,0,0,0,NA,NA,NA,NA,NA
"64","FPICO1T08:12",16,"02PostBurnYear05","PICO","Pinus contorta","lodgepole pine, scrub pine, shore pine, tamarack pine",0,NA,NA,37.9401052205585,0,0,NA,NA,NA,NA,NA,NA,NA,NA,NA,NA,NA,NA
"65","FPICO1T08:13",1,"00PreBurn01","PICO","Pinus contorta","lodgepole pine, scrub pine, shore pine, tamarack pine",133.549170376366,NA,NA,8.09388911371914,133.549170376366,60.8221764136293,NA,32.808,9.13790928096777,NA,NA,NA,NA,NA,NA,NA,NA,NA
"66","FPICO1T08:13",1,"00PreBurn01","PIEN","Picea engelmannii","columbian spruce, Engelmann spruce, Engelmann's spruce, mountain spruce, silver spruce, white spruce",52.6102792391744,NA,NA,4.04694455685957,52.6102792391744,11.3751522689235,NA,25.6996,6.2962181524156,NA,NA,NA,NA,NA,NA,NA,NA,NA
"67","FPICO1T08:13",7,"01PostBurnYear05","PICO","Pinus contorta","lodgepole pine, scrub pine, shore pine, tamarack pine",0,NA,NA,88.5269121813031,0,0,NA,NA,NA,NA,NA,NA,NA,NA,NA,NA,NA,NA
"68","FPICO1T08:14",1,"00PreBurn01","PICO","Pinus contorta","lodgepole pine, scrub pine, shore pine, tamarack pine",352.084176446783,NA,NA,89.0327802509106,352.084176446783,94.2466185280371,NA,28.8070243902439,7.0056122496198,NA,NA,NA,NA,NA,NA,NA,NA,NA
"69","FPICO1T08:14",7,"01PostBurnYear05","PICO","Pinus contorta","lodgepole pine, scrub pine, shore pine, tamarack pine",0,NA,NA,139.113719142048,0,0,NA,NA,NA,NA,NA,NA,NA,NA,NA,NA,NA,NA
"70","FPICO1T08:15",1,"00PreBurn01","PICO","Pinus contorta","lodgepole pine, scrub pine, shore pine, tamarack pine",267.098340752732,NA,NA,133.549170376366,267.098340752732,89.5762321605828,NA,23.9305411764706,7.84146595900369,NA,NA,NA,NA,NA,NA,NA,NA,NA
"71","FPICO1T08:15",7,"01PostBurnYear05","PICO","Pinus contorta","lodgepole pine, scrub pine, shore pine, tamarack pine",113.820315661675,NA,NA,341.460946985026,113.820315661675,21.659951280375,13.61532,33.661008,5.90684134396342,NA,NA,NA,NA,NA,NA,NA,NA,NA
"72","FPICO1T08:16",1,"00PreBurn01","ABLA","Abies lasiocarpa","subalpine fir",4.04694455685957,NA,NA,0,4.04694455685957,2.2597032413797,NA,NA,10.11809,NA,NA,NA,NA,NA,NA,NA,NA,NA
"73","FPICO1T08:16",1,"00PreBurn01","PICO","Pinus contorta","lodgepole pine, scrub pine, shore pine, tamarack pine",238.769728854715,NA,NA,28.328611898017,238.769728854715,77.646118480004,NA,27.5301913043478,7.72158938420602,NA,NA,NA,NA,NA,NA,NA,NA,NA
"74","FPICO1T08:16",7,"01PostBurnYear05","ABLA","Abies lasiocarpa","subalpine fir",0,NA,NA,12.6467017401862,0,0,NA,NA,NA,NA,NA,NA,NA,NA,NA,NA,NA,NA
"75","FPICO1T08:16",7,"01PostBurnYear05","PICO","Pinus contorta","lodgepole pine, scrub pine, shore pine, tamarack pine",0,NA,NA,75.880210441117,0,0,NA,NA,NA,NA,NA,NA,NA,NA,NA,NA,NA,NA
"76","FPICO1T08:19",1,"00PreBurn01","ABLA","Abies lasiocarpa","subalpine fir",8.09388911371914,NA,NA,0,8.09388911371914,5.0663279504076,NA,NA,10.7128367144188,NA,NA,NA,NA,NA,NA,NA,NA,NA
"77","FPICO1T08:19",1,"00PreBurn01","PICO","Pinus contorta","lodgepole pine, scrub pine, shore pine, tamarack pine",165.924726831242,NA,NA,32.3755564548766,165.924726831242,70.3943968983589,NA,22.9656,8.81962158576228,NA,NA,NA,NA,NA,NA,NA,NA,NA
"78","FPICO1T08:19",1,"00PreBurn01","PIEN","Picea engelmannii","columbian spruce, Engelmann spruce, Engelmann's spruce, mountain spruce, silver spruce, white spruce",12.1408336705787,NA,NA,0,12.1408336705787,16.3446587659692,NA,NA,15.7108663988665,NA,NA,NA,NA,NA,NA,NA,NA,NA
"79","FPICO1T08:19",7,"01PostBurnYear05","ABLA","Abies lasiocarpa","subalpine fir",50.5868069607446,NA,NA,12.6467017401862,50.5868069607446,17.3134634656915,0,47.5716,7.92154337853742,NA,NA,NA,NA,NA,NA,NA,NA,NA
"80","FPICO1T08:19",7,"01PostBurnYear05","PICO","Pinus contorta","lodgepole pine, scrub pine, shore pine, tamarack pine",63.2335087009308,NA,NA,151.760420882234,63.2335087009308,11.4083811864422,12.13896,29.5272,5.75141668132991,NA,NA,NA,NA,NA,NA,NA,NA,NA
"81","FPICO1T08:19",7,"01PostBurnYear05","PIEN","Picea engelmannii","columbian spruce, Engelmann spruce, Engelmann's spruce, mountain spruce, silver spruce, white spruce",0,NA,NA,12.6467017401862,0,0,NA,NA,NA,NA,NA,NA,NA,NA,NA,NA,NA,NA
"82","FPICO1T08:20",1,"00PreBurn01","PICO","Pinus contorta","lodgepole pine, scrub pine, shore pine, tamarack pine",271.145285309591,NA,NA,101.173613921489,271.145285309591,78.0230036850342,NA,20.6789818181818,7.26351378757041,NA,NA,NA,NA,NA,NA,NA,NA,NA
"83","FPICO1T08:20",7,"01PostBurnYear05","PICO","Pinus contorta","lodgepole pine, scrub pine, shore pine, tamarack pine",0,NA,NA,214.993929583165,0,0,NA,NA,NA,NA,NA,NA,NA,NA,NA,NA,NA,NA
"84","FPICO1T08:21",1,"00PreBurn01","PICO","Pinus contorta","lodgepole pine, scrub pine, shore pine, tamarack pine",376.36584378794,NA,NA,279.23917442331,376.36584378794,90.8015880523186,NA,29.8064170212766,6.65086421942041,NA,NA,NA,NA,NA,NA,NA,NA,NA
"85","FPICO1T08:21",1,"00PreBurn01","PIEN","Picea engelmannii","columbian spruce, Engelmann spruce, Engelmann's spruce, mountain spruce, silver spruce, white spruce",28.328611898017,NA,NA,0,28.328611898017,4.19999832424798,NA,16.404,5.21372802509737,NA,NA,NA,NA,NA,NA,NA,NA,NA
"86","FPICO1T08:21",7,"01PostBurnYear05","ABLA","Abies lasiocarpa","subalpine fir",25.2934034803723,NA,NA,0,25.2934034803723,0.670779371016984,NA,14.7636,2.20507148983882,NA,NA,NA,NA,NA,NA,NA,NA,NA
"87","FPICO1T08:21",7,"01PostBurnYear05","PICO","Pinus contorta","lodgepole pine, scrub pine, shore pine, tamarack pine",50.5868069607446,NA,NA,290.874140024282,50.5868069607446,16.4327047059787,28.21488,49.29402,7.71742385012641,NA,NA,NA,NA,NA,NA,NA,NA,NA
"88","FPICO1T08:21",7,"01PostBurnYear05","PIEN","Picea engelmannii","columbian spruce, Engelmann spruce, Engelmann's spruce, mountain spruce, silver spruce, white spruce",25.2934034803723,NA,NA,12.6467017401862,25.2934034803723,19.5679621262964,0.98424,57.74208,11.9098317079315,NA,NA,NA,NA,NA,NA,NA,NA,NA
"89","FPICO1T08:24",1,"00PreBurn01","PICO","Pinus contorta","lodgepole pine, scrub pine, shore pine, tamarack pine",113.314447592068,NA,NA,206.394172399838,113.314447592068,57.8619374552744,NA,22.9656,9.67587621932025,NA,NA,NA,NA,NA,NA,NA,NA,NA
"90","FPICO1T08:24",1,"00PreBurn01","PIEN","Picea engelmannii","columbian spruce, Engelmann spruce, Engelmann's spruce, mountain spruce, silver spruce, white spruce",44.5163901254553,NA,NA,0,44.5163901254553,14.1339136517135,NA,24.0592,7.62970432719679,NA,NA,NA,NA,NA,NA,NA,NA,NA
"91","FPICO1T08:24",7,"01PostBurnYear05","ABLA","Abies lasiocarpa","subalpine fir",37.9401052205585,NA,NA,0,37.9401052205585,2.2594167114603,NA,NA,3.30434484114981,NA,NA,NA,NA,NA,NA,NA,NA,NA
"92","FPICO1T08:24",7,"01PostBurnYear05","PICO","Pinus contorta","lodgepole pine, scrub pine, shore pine, tamarack pine",75.880210441117,NA,NA,177.053824362606,75.880210441117,44.152015382654,32.47992,59.6012,10.3287428228407,NA,NA,NA,NA,NA,NA,NA,NA,NA
"93","FPICO1T08:24",7,"01PostBurnYear05","PIEN","Picea engelmannii","columbian spruce, Engelmann spruce, Engelmann's spruce, mountain spruce, silver spruce, white spruce",88.5269121813031,NA,NA,12.6467017401862,88.5269121813031,42.100867433505,2.755872,53.42236,9.33779477848567,NA,NA,NA,NA,NA,NA,NA,NA,NA
"94","FPICO1T08:25",1,"00PreBurn01","ABLA","Abies lasiocarpa","subalpine fir",24.2816673411574,NA,NA,8.09388911371914,24.2816673411574,6.40174554372126,NA,26.2464,6.95258668814828,NA,NA,NA,NA,NA,NA,NA,NA,NA
"95","FPICO1T08:25",1,"00PreBurn01","PICO","Pinus contorta","lodgepole pine, scrub pine, shore pine, tamarack pine",84.985835694051,NA,NA,84.985835694051,84.985835694051,47.2748365491564,NA,9.8424,10.0989960991489,NA,NA,NA,NA,NA,NA,NA,NA,NA
"96","FPICO1T08:25",1,"00PreBurn01","PIEN","Picea engelmannii","columbian spruce, Engelmann spruce, Engelmann's spruce, mountain spruce, silver spruce, white spruce",64.7511129097531,NA,NA,4.04694455685957,64.7511129097531,18.3638821502177,NA,23.4342857142857,7.21099328303277,NA,NA,NA,NA,NA,NA,NA,NA,NA
"97","FPICO1T08:25",7,"01PostBurnYear05","ABLA","Abies lasiocarpa","subalpine fir",12.6467017401862,NA,NA,0,12.6467017401862,9.55823183747042,4.9212,62.66328,11.77163,NA,NA,NA,NA,NA,NA,NA,NA,NA
"98","FPICO1T08:25",7,"01PostBurnYear05","PICO","Pinus contorta","lodgepole pine, scrub pine, shore pine, tamarack pine",50.5868069607446,NA,NA,164.40712262242,50.5868069607446,7.22750338860682,39.69768,51.83664,5.11813785562923,NA,NA,NA,NA,NA,NA,NA,NA,NA
"99","FPICO1T08:25",7,"01PostBurnYear05","PIEN","Picea engelmannii","columbian spruce, Engelmann spruce, Engelmann's spruce, mountain spruce, silver spruce, white spruce",88.5269121813031,NA,NA,0,88.5269121813031,33.0072844877208,2.165328,52.033488,8.26806155331898,NA,NA,NA,NA,NA,NA,NA,NA,NA
