Densities = per acre | BA = sq. ft. / acre | Heights = feet | QMD = inches

Macroplot,MonStatusOrd,MonStatus,Species,SciName,CommName,Individuals,Sapling,Seedling,Snag,Total,BA,LiCrBHt,Height,QMD,CrFuBHt,CrScPct,ScorchHt,CharHt,LiveSeedling,DeadSeedling,LiveSapling,DeadSapling,BASapling
"FPICO1T08:08",1,"00PreBurn01","ABLA","Abies lasiocarpa","subalpine fir",24.2816673411574,,,4.04694455685957,24.2816673411574,3.23972109705233,,17.06016,4.94596479379234,,,,,,,,,
"FPICO1T08:08",1,"00PreBurn01","PICO","Pinus contorta","lodgepole pine, scrub pine, shore pine, tamarack pine",109.267503035208,,,28.328611898017,109.267503035208,72.3075614467692,,18.8646,11.014957084037,,,,,,,,,
"FPICO1T08:08",4,"01PostBurnYear00","ABLA","Abies lasiocarpa","subalpine fir",32.3755564548766,,,4.04694455685957,32.3755564548766,1.70207325256461,,17.06016,3.92714516602073,,0.00111111111111111,1.0936,0,,,,,
"FPICO1T08:08",4,"01PostBurnYear00","PICO","Pinus contorta","lodgepole pine, scrub pine, shore pine, tamarack pine",161.877782274383,,,40.4694455685957,161.877782274383,1.15645186096863,,18.8646,3.61915028749153,,0,0,0,,,,,
"FPICO1T08:08",5,"01PostBurnYear01","ABLA","Abies lasiocarpa","subalpine fir",48.5633346823149,,,8.09388911371914,48.5633346823149,2.95264377720772,,17.4976,3.33877949831846,,0,0,0,,,,,
"FPICO1T08:08",5,"01PostBurnYear01","PICO","Pinus contorta","lodgepole pine, scrub pine, shore pine, tamarack pine",210.441116956698,,,48.5633346823149,210.441116956698,131.685934979364,,19.0882909090909,10.7112673134472,,0,0,0,,,,,
"FPICO1T08:08",5,"01PostBurnYear01","PIEN","Picea engelmannii","columbian spruce, Engelmann spruce, Engelmann's spruce, mountain spruce, silver spruce, white spruce",32.3755564548766,,,0,32.3755564548766,1.84805810821674,,17.6343,3.23508466943487,,0,0,0,,,,,
"FPICO1T08:08",6,"01PostBurnYear02","ABLA","Abies lasiocarpa","subalpine fir",32.3755564548766,,,4.04694455685957,32.3755564548766,4.15945647893564,,15.09168,4.8534005232324,,0,0,0,,,,,
"FPICO1T08:08",6,"01PostBurnYear02","PICO","Pinus contorta","lodgepole pine, scrub pine, shore pine, tamarack pine",117.361392148928,,,24.2816673411574,117.361392148928,72.0593495583801,,14.9979428571429,10.6100884339262,,0,0,0,,,,,
"FPICO1T08:08",7,"01PostBurnYear05","ABLA","Abies lasiocarpa","subalpine fir",44.5163901254553,,,4.04694455685957,44.5163901254553,3.78900322911112,,11.2484571428571,3.95038095606096,,0,0,0,,,,,
"FPICO1T08:08",7,"01PostBurnYear05","PICO","Pinus contorta","lodgepole pine, scrub pine, shore pine, tamarack pine",101.173613921489,,,28.328611898017,101.173613921489,62.3610901216415,,19.02864,10.6306465456366,,0,0,0,,,,,
"FPICO1T08:08",16,"02PostBurnYear05","ABLA","Abies lasiocarpa","subalpine fir",101.173613921489,,,0,101.173613921489,12.212161758853,0.16404,32.808,4.70434434732408,,,,,,,,,
"FPICO1T08:08",16,"02PostBurnYear05","PICO","Pinus contorta","lodgepole pine, scrub pine, shore pine, tamarack pine",113.820315661675,,,88.5269121813031,113.820315661675,49.0523184893152,9.67836,50.68836,8.88907024082509,,,,,,,,,
"FPICO1T08:08",16,"02PostBurnYear05","PIEN","Picea engelmannii","columbian spruce, Engelmann spruce, Engelmann's spruce, mountain spruce, silver spruce, white spruce",37.9401052205585,,,0,37.9401052205585,9.44415444045494,0.65616,39.20556,6.75567480381247,,,,,,,,,
"FPICO1T08:09",1,"00PreBurn01","ABLA","Abies lasiocarpa","subalpine fir",8.09388911371914,,,0,8.09388911371914,3.19370524730963,,32.808,8.50560581669819,,,,,,,,,
"FPICO1T08:09",1,"00PreBurn01","PICO","Pinus contorta","lodgepole pine, scrub pine, shore pine, tamarack pine",226.628895184136,,,28.328611898017,226.628895184136,77.7783498995249,,27.7903058823529,7.93246533522794,,,,,,,,,
"FPICO1T08:09",4,"01PostBurnYear00","ABLA","Abies lasiocarpa","subalpine fir",8.09388911371914,,,0,8.09388911371914,3.21221422478978,,32.808,8.53021714087631,,0,0,0,,,,,
"FPICO1T08:09",4,"01PostBurnYear00","PICO","Pinus contorta","lodgepole pine, scrub pine, shore pine, tamarack pine",226.628895184136,,,28.328611898017,226.628895184136,78.1325864112245,,27.7903058823529,7.95050876673917,,0,0,0,,,,,
"FPICO1T08:09",5,"01PostBurnYear01","ABLA","Abies lasiocarpa","subalpine fir",8.09388911371914,,,0,8.09388911371914,0.699611978727514,,32.808,5.62991,,0,0,0,,,,,
"FPICO1T08:09",5,"01PostBurnYear01","PICO","Pinus contorta","lodgepole pine, scrub pine, shore pine, tamarack pine",226.628895184136,,,28.328611898017,226.628895184136,6.63788040983586,,27.7903058823529,4.20594011692077,,0,0,0.265588571428571,,,,,
"FPICO1T08:09",6,"01PostBurnYear02","ABLA","Abies lasiocarpa","subalpine fir",8.09388911371914,,,0,8.09388911371914,3.16397456074725,,29.5272,8.46592326069638,,0,0,0,,,,,
"FPICO1T08:09",6,"01PostBurnYear02","PICO","Pinus contorta","lodgepole pine, scrub pine, shore pine, tamarack pine",226.628895184136,,,32.3755564548766,226.628895184136,78.7435537307078,,28.1762823529412,7.98153322300922,,0,0,0,,,,,
"FPICO1T08:09",7,"01PostBurnYear05","PICO","Pinus contorta","lodgepole pine, scrub pine, shore pine, tamarack pine",230.675839740996,,,20.2347227842979,230.675839740996,82.7437508932478,,28.50195,8.10966674914185,,0,0,0,,,,,
"FPICO1T08:09",7,"01PostBurnYear05","PIEN","Picea engelmannii","columbian spruce, Engelmann spruce, Engelmann's spruce, mountain spruce, silver spruce, white spruce",4.04694455685957,,,4.04694455685957,4.04694455685957,2.64408098997394,,,10.94486,,0,0,0,,,,,
"FPICO1T08:09",16,"02PostBurnYear05","ABLA","Abies lasiocarpa","subalpine fir",12.6467017401862,,,0,12.6467017401862,0.494371025116757,,,2.67716,,,,,,,,,
"FPICO1T08:09",16,"02PostBurnYear05","PICO","Pinus contorta","lodgepole pine, scrub pine, shore pine, tamarack pine",240.287333063537,,,139.113719142048,240.287333063537,85.6339568074217,21.3252,51.1611811764706,8.08339922317729,,,,,,,,,
"FPICO1T08:10",1,"00PreBurn01","PICO","Pinus contorta","lodgepole pine, scrub pine, shore pine, tamarack pine",238.769728854715,,,24.2816673411574,238.769728854715,63.0585467111246,,25.6388444444444,6.95855087468575,,,,,,,,,
"FPICO1T08:10",1,"00PreBurn01","PIEN","Picea engelmannii","columbian spruce, Engelmann spruce, Engelmann's spruce, mountain spruce, silver spruce, white spruce",12.1408336705787,,,0,12.1408336705787,1.75671065928513,,22.9656,5.15065338328708,,,,,,,,,
"FPICO1T08:10",1,"00PreBurn01","POTR5","Populus tremuloides","quaking aspen",4.04694455685957,,,0,4.04694455685957,1.05976725771742,,,6.92912,,,,,,,,,
"FPICO1T08:10",4,"01PostBurnYear00","PICO","Pinus contorta","lodgepole pine, scrub pine, shore pine, tamarack pine",238.769728854715,,,52.6102792391744,238.769728854715,10.2481916068235,,21.7938857142857,4.07209064157862,,0.000694444444444444,0.159483333333333,0.21872,,,,,
"FPICO1T08:10",4,"01PostBurnYear00","PIEN","Picea engelmannii","columbian spruce, Engelmann spruce, Engelmann's spruce, mountain spruce, silver spruce, white spruce",12.1408336705787,,,0,12.1408336705787,0.362994918788152,,21.3252,2.86753091604955,,0,0,0,,,,,
"FPICO1T08:10",4,"01PostBurnYear00","POTR5","Populus tremuloides","quaking aspen",8.09388911371914,,,0,8.09388911371914,0.452460678696825,,32.808,4.52755,,0,0,0,,,,,
"FPICO1T08:10",4,"01PostBurnYear00","PRVI","Prunus virginiana","chokecherry, chokecherry (common), common chokecherry, Virginia chokecherry",4.04694455685957,,,0,4.04694455685957,0.0249409326858212,,13.1232,1.06299,,0,0,0,,,,,
"FPICO1T08:10",5,"01PostBurnYear01","PICO","Pinus contorta","lodgepole pine, scrub pine, shore pine, tamarack pine",238.769728854715,,,40.4694455685957,238.769728854715,60.3622574038961,,21.7938857142857,6.80815703498858,,0,0,0,,,,,
"FPICO1T08:10",5,"01PostBurnYear01","PIEN","Picea engelmannii","columbian spruce, Engelmann spruce, Engelmann's spruce, mountain spruce, silver spruce, white spruce",12.1408336705787,,,0,12.1408336705787,1.75900289864034,,21.3252,5.15401269616209,,0,0,0,,,,,
"FPICO1T08:10",5,"01PostBurnYear01","POTR5","Populus tremuloides","quaking aspen",8.09388911371914,,,0,8.09388911371914,1.51222793641424,,32.808,5.85283747326457,,0,0,0,,,,,
"FPICO1T08:10",5,"01PostBurnYear01","PRVI","Prunus virginiana","chokecherry, chokecherry (common), common chokecherry, Virginia chokecherry",4.04694455685957,,,0,4.04694455685957,0.0249409326858212,,13.1232,1.06299,,0,0,0,,,,,
"FPICO1T08:10",6,"01PostBurnYear02","PICO","Pinus contorta","lodgepole pine, scrub pine, shore pine, tamarack pine",214.488061513557,,,56.657223796034,214.488061513557,58.094993193897,,21.4743272727273,7.04699967737883,,0,0,0,,,,,
"FPICO1T08:10",6,"01PostBurnYear02","PIEN","Picea engelmannii","columbian spruce, Engelmann spruce, Engelmann's spruce, mountain spruce, silver spruce, white spruce",12.1408336705787,,,0,12.1408336705787,1.85743234080373,,21.3252,5.29625281678471,,0,0,0,,,,,
"FPICO1T08:10",6,"01PostBurnYear02","POTR5","Populus tremuloides","quaking aspen",4.04694455685957,,,8.09388911371914,4.04694455685957,1.00040852217572,,,6.73227,,0,0,0,,,,,
"FPICO1T08:10",7,"01PostBurnYear05","ABLA","Abies lasiocarpa","subalpine fir",4.04694455685957,,,0,4.04694455685957,0.0231276687182649,,9.8424,1.02362,,0,0,0,,,,,
"FPICO1T08:10",7,"01PostBurnYear05","PICO","Pinus contorta","lodgepole pine, scrub pine, shore pine, tamarack pine",218.535006070417,,,44.5163901254553,218.535006070417,59.6218983046901,,24.2493913043478,7.07259604186364,,0,0,0,,,,,
"FPICO1T08:10",7,"01PostBurnYear05","PIEN","Picea engelmannii","columbian spruce, Engelmann spruce, Engelmann's spruce, mountain spruce, silver spruce, white spruce",12.1408336705787,,,0,12.1408336705787,1.88747094011532,,26.2464,5.33890684741424,,0,0,0,,,,,
"FPICO1T08:10",7,"01PostBurnYear05","POTR5","Populus tremuloides","quaking aspen",4.04694455685957,,,8.09388911371914,4.04694455685957,1.0121434191733,,,6.77164,,0,0,0,,,,,
"FPICO1T08:10",16,"02PostBurnYear05","PICO","Pinus contorta","lodgepole pine, scrub pine, shore pine, tamarack pine",0,,,139.113719142048,0,0,,,,,,,,,,,,
"FPICO1T08:11",1,"00PreBurn01","ABLA","Abies lasiocarpa","subalpine fir",157.830837717523,,,12.1408336705787,157.830837717523,17.429298531317,,22.658025,4.49966813799042,,,,,,,,,
"FPICO1T08:11",1,"00PreBurn01","PICO","Pinus contorta","lodgepole pine, scrub pine, shore pine, tamarack pine",44.5163901254553,,,36.4225010117361,44.5163901254553,17.175681063553,,18.5912,8.41072580215881,,,,,,,,,
"FPICO1T08:11",1,"00PreBurn01","PIEN","Picea engelmannii","columbian spruce, Engelmann spruce, Engelmann's spruce, mountain spruce, silver spruce, white spruce",93.0797248077701,,,8.09388911371914,93.0797248077701,21.5476315519696,,19.6848,6.51491398577575,,,,,,,,,
"FPICO1T08:11",7,"01PostBurnYear05","ABLA","Abies lasiocarpa","subalpine fir",0,,,37.9401052205585,0,0,,,,,,,,,,,,
"FPICO1T08:11",7,"01PostBurnYear05","PICO","Pinus contorta","lodgepole pine, scrub pine, shore pine, tamarack pine",0,,,278.227438284096,0,0,,,,,,,,,,,,
"FPICO1T08:11",7,"01PostBurnYear05","PIEN","Picea engelmannii","columbian spruce, Engelmann spruce, Engelmann's spruce, mountain spruce, silver spruce, white spruce",0,,,12.6467017401862,0,0,,,,,,,,,,,,
"FPICO1T08:12",1,"00PreBurn01","ABLA","Abies lasiocarpa","subalpine fir",4.04694455685957,,,0,4.04694455685957,0.988742050233515,,,6.6929,,,,,,,,,
"FPICO1T08:12",1,"00PreBurn01","PICO","Pinus contorta","lodgepole pine, scrub pine, shore pine, tamarack pine",178.065560501821,,,72.8450020234723,178.065560501821,73.0203452486572,,22.2084923076923,8.67098503319653,,,,,,,,,
"FPICO1T08:12",1,"00PreBurn01","PIEN","Picea engelmannii","columbian spruce, Engelmann spruce, Engelmann's spruce, mountain spruce, silver spruce, white spruce",4.04694455685957,,,0,4.04694455685957,6.68389625957856,,,17.40154,,,,,,,,,
"FPICO1T08:12",4,"01PostBurnYear00","ABLA","Abies lasiocarpa","subalpine fir",4.04694455685957,,,0,4.04694455685957,0,,,,,0,0,0,,,,,
"FPICO1T08:12",4,"01PostBurnYear00","PICO","Pinus contorta","lodgepole pine, scrub pine, shore pine, tamarack pine",178.065560501821,,,72.8450020234723,178.065560501821,7.6748621241119,,22.2084923076923,3.65697044949305,,0,0,0,,,,,
"FPICO1T08:12",4,"01PostBurnYear00","PIEN","Picea engelmannii","columbian spruce, Engelmann spruce, Engelmann's spruce, mountain spruce, silver spruce, white spruce",4.04694455685957,,,0,4.04694455685957,0,,,,,0.01,4.26504,0.65616,,,,,
"FPICO1T08:12",5,"01PostBurnYear01","ABLA","Abies lasiocarpa","subalpine fir",4.04694455685957,,,0,4.04694455685957,0.908992648188729,,,6.41731,,0,0,0,,,,,
"FPICO1T08:12",5,"01PostBurnYear01","PICO","Pinus contorta","lodgepole pine, scrub pine, shore pine, tamarack pine",178.065560501821,,,72.8450020234723,178.065560501821,72.9923936135347,,20.9466461538462,8.66932528064678,,0,0,0,,,,,
"FPICO1T08:12",5,"01PostBurnYear01","PIEN","Picea engelmannii","columbian spruce, Engelmann spruce, Engelmann's spruce, mountain spruce, silver spruce, white spruce",4.04694455685957,,,0,4.04694455685957,6.56346816211067,,,17.24406,,0,0,0,,,,,
"FPICO1T08:12",6,"01PostBurnYear02","ABLA","Abies lasiocarpa","subalpine fir",4.04694455685957,,,0,4.04694455685957,1.04775866049832,,,6.88975,,0,0,0,,,,,
"FPICO1T08:12",6,"01PostBurnYear02","PICO","Pinus contorta","lodgepole pine, scrub pine, shore pine, tamarack pine",186.15944961554,,,64.7511129097531,186.15944961554,73.9822646771819,,20.505,8.53606529922459,,0,0,0,,,,,
"FPICO1T08:12",6,"01PostBurnYear02","PIEN","Picea engelmannii","columbian spruce, Engelmann spruce, Engelmann's spruce, mountain spruce, silver spruce, white spruce",4.04694455685957,,,0,4.04694455685957,6.503664663709,,,17.16532,,0,0,0,,,,,
"FPICO1T08:12",16,"02PostBurnYear05","PICO","Pinus contorta","lodgepole pine, scrub pine, shore pine, tamarack pine",0,,,37.9401052205585,0,0,,,,,,,,,,,,
"FPICO1T08:13",1,"00PreBurn01","PICO","Pinus contorta","lodgepole pine, scrub pine, shore pine, tamarack pine",133.549170376366,,,8.09388911371914,133.549170376366,60.8221764136293,,32.808,9.13790928096777,,,,,,,,,
"FPICO1T08:13",1,"00PreBurn01","PIEN","Picea engelmannii","columbian spruce, Engelmann spruce, Engelmann's spruce, mountain spruce, silver spruce, white spruce",52.6102792391744,,,4.04694455685957,52.6102792391744,11.3751522689235,,25.6996,6.2962181524156,,,,,,,,,
"FPICO1T08:13",7,"01PostBurnYear05","PICO","Pinus contorta","lodgepole pine, scrub pine, shore pine, tamarack pine",0,,,88.5269121813031,0,0,,,,,,,,,,,,
"FPICO1T08:14",1,"00PreBurn01","PICO","Pinus contorta","lodgepole pine, scrub pine, shore pine, tamarack pine",352.084176446783,,,89.0327802509106,352.084176446783,94.2466185280371,,28.8070243902439,7.0056122496198,,,,,,,,,
"FPICO1T08:14",7,"01PostBurnYear05","PICO","Pinus contorta","lodgepole pine, scrub pine, shore pine, tamarack pine",0,,,139.113719142048,0,0,,,,,,,,,,,,
"FPICO1T08:15",1,"00PreBurn01","PICO","Pinus contorta","lodgepole pine, scrub pine, shore pine, tamarack pine",267.098340752732,,,133.549170376366,267.098340752732,89.5762321605828,,23.9305411764706,7.84146595900369,,,,,,,,,
"FPICO1T08:15",7,"01PostBurnYear05","PICO","Pinus contorta","lodgepole pine, scrub pine, shore pine, tamarack pine",113.820315661675,,,341.460946985026,113.820315661675,21.659951280375,13.61532,33.661008,5.90684134396342,,,,,,,,,
"FPICO1T08:16",1,"00PreBurn01","ABLA","Abies lasiocarpa","subalpine fir",4.04694455685957,,,0,4.04694455685957,2.2597032413797,,,10.11809,,,,,,,,,
"FPICO1T08:16",1,"00PreBurn01","PICO","Pinus contorta","lodgepole pine, scrub pine, shore pine, tamarack pine",238.769728854715,,,28.328611898017,238.769728854715,77.646118480004,,27.5301913043478,7.72158938420602,,,,,,,,,
"FPICO1T08:16",7,"01PostBurnYear05","ABLA","Abies lasiocarpa","subalpine fir",0,,,12.6467017401862,0,0,,,,,,,,,,,,
"FPICO1T08:16",7,"01PostBurnYear05","PICO","Pinus contorta","lodgepole pine, scrub pine, shore pine, tamarack pine",0,,,75.880210441117,0,0,,,,,,,,,,,,
"FPICO1T08:19",1,"00PreBurn01","ABLA","Abies lasiocarpa","subalpine fir",8.09388911371914,,,0,8.09388911371914,5.0663279504076,,,10.7128367144188,,,,,,,,,
"FPICO1T08:19",1,"00PreBurn01","PICO","Pinus contorta","lodgepole pine, scrub pine, shore pine, tamarack pine",165.924726831242,,,32.3755564548766,165.924726831242,70.3943968983589,,22.9656,8.81962158576228,,,,,,,,,
"FPICO1T08:19",1,"00PreBurn01","PIEN","Picea engelmannii","columbian spruce, Engelmann spruce, Engelmann's spruce, mountain spruce, silver spruce, white spruce",12.1408336705787,,,0,12.1408336705787,16.3446587659692,,,15.7108663988665,,,,,,,,,
"FPICO1T08:19",7,"01PostBurnYear05","ABLA","Abies lasiocarpa","subalpine fir",50.5868069607446,,,12.6467017401862,50.5868069607446,17.3134634656915,0,47.5716,7.92154337853742,,,,,,,,,
"FPICO1T08:19",7,"01PostBurnYear05","PICO","Pinus contorta","lodgepole pine, scrub pine, shore pine, tamarack pine",63.2335087009308,,,151.760420882234,63.2335087009308,11.4083811864422,12.13896,29.5272,5.75141668132991,,,,,,,,,
"FPICO1T08:19",7,"01PostBurnYear05","PIEN","Picea engelmannii","columbian spruce, Engelmann spruce, Engelmann's spruce, mountain spruce, silver spruce, white spruce",0,,,12.6467017401862,0,0,,,,,,,,,,,,
"FPICO1T08:20",1,"00PreBurn01","PICO","Pinus contorta","lodgepole pine, scrub pine, shore pine, tamarack pine",271.145285309591,,,101.173613921489,271.145285309591,78.0230036850342,,20.6789818181818,7.26351378757041,,,,,,,,,
"FPICO1T08:20",7,"01PostBurnYear05","PICO","Pinus contorta","lodgepole pine, scrub pine, shore pine, tamarack pine",0,,,214.993929583165,0,0,,,,,,,,,,,,
"FPICO1T08:21",1,"00PreBurn01","PICO","Pinus contorta","lodgepole pine, scrub pine, shore pine, tamarack pine",376.36584378794,,,279.23917442331,376.36584378794,90.8015880523186,,29.8064170212766,6.65086421942041,,,,,,,,,
"FPICO1T08:21",1,"00PreBurn01","PIEN","Picea engelmannii","columbian spruce, Engelmann spruce, Engelmann's spruce, mountain spruce, silver spruce, white spruce",28.328611898017,,,0,28.328611898017,4.19999832424798,,16.404,5.21372802509737,,,,,,,,,
"FPICO1T08:21",7,"01PostBurnYear05","ABLA","Abies lasiocarpa","subalpine fir",25.2934034803723,,,0,25.2934034803723,0.670779371016984,,14.7636,2.20507148983882,,,,,,,,,
"FPICO1T08:21",7,"01PostBurnYear05","PICO","Pinus contorta","lodgepole pine, scrub pine, shore pine, tamarack pine",50.5868069607446,,,290.874140024282,50.5868069607446,16.4327047059787,28.21488,49.29402,7.71742385012641,,,,,,,,,
"FPICO1T08:21",7,"01PostBurnYear05","PIEN","Picea engelmannii","columbian spruce, Engelmann spruce, Engelmann's spruce, mountain spruce, silver spruce, white spruce",25.2934034803723,,,12.6467017401862,25.2934034803723,19.5679621262964,0.98424,57.74208,11.9098317079315,,,,,,,,,
"FPICO1T08:24",1,"00PreBurn01","PICO","Pinus contorta","lodgepole pine, scrub pine, shore pine, tamarack pine",113.314447592068,,,206.394172399838,113.314447592068,57.8619374552744,,22.9656,9.67587621932025,,,,,,,,,
"FPICO1T08:24",1,"00PreBurn01","PIEN","Picea engelmannii","columbian spruce, Engelmann spruce, Engelmann's spruce, mountain spruce, silver spruce, white spruce",44.5163901254553,,,0,44.5163901254553,14.1339136517135,,24.0592,7.62970432719679,,,,,,,,,
"FPICO1T08:24",7,"01PostBurnYear05","ABLA","Abies lasiocarpa","subalpine fir",37.9401052205585,,,0,37.9401052205585,2.2594167114603,,,3.30434484114981,,,,,,,,,
"FPICO1T08:24",7,"01PostBurnYear05","PICO","Pinus contorta","lodgepole pine, scrub pine, shore pine, tamarack pine",75.880210441117,,,177.053824362606,75.880210441117,44.152015382654,32.47992,59.6012,10.3287428228407,,,,,,,,,
"FPICO1T08:24",7,"01PostBurnYear05","PIEN","Picea engelmannii","columbian spruce, Engelmann spruce, Engelmann's spruce, mountain spruce, silver spruce, white spruce",88.5269121813031,,,12.6467017401862,88.5269121813031,42.100867433505,2.755872,53.42236,9.33779477848567,,,,,,,,,
"FPICO1T08:25",1,"00PreBurn01","ABLA","Abies lasiocarpa","subalpine fir",24.2816673411574,,,8.09388911371914,24.2816673411574,6.40174554372126,,26.2464,6.95258668814828,,,,,,,,,
"FPICO1T08:25",1,"00PreBurn01","PICO","Pinus contorta","lodgepole pine, scrub pine, shore pine, tamarack pine",84.985835694051,,,84.985835694051,84.985835694051,47.2748365491564,,9.8424,10.0989960991489,,,,,,,,,
"FPICO1T08:25",1,"00PreBurn01","PIEN","Picea engelmannii","columbian spruce, Engelmann spruce, Engelmann's spruce, mountain spruce, silver spruce, white spruce",64.7511129097531,,,4.04694455685957,64.7511129097531,18.3638821502177,,23.4342857142857,7.21099328303277,,,,,,,,,
"FPICO1T08:25",7,"01PostBurnYear05","ABLA","Abies lasiocarpa","subalpine fir",12.6467017401862,,,0,12.6467017401862,9.55823183747042,4.9212,62.66328,11.77163,,,,,,,,,
"FPICO1T08:25",7,"01PostBurnYear05","PICO","Pinus contorta","lodgepole pine, scrub pine, shore pine, tamarack pine",50.5868069607446,,,164.40712262242,50.5868069607446,7.22750338860682,39.69768,51.83664,5.11813785562923,,,,,,,,,
"FPICO1T08:25",7,"01PostBurnYear05","PIEN","Picea engelmannii","columbian spruce, Engelmann spruce, Engelmann's spruce, mountain spruce, silver spruce, white spruce",88.5269121813031,,,0,88.5269121813031,33.0072844877208,2.165328,52.033488,8.26806155331898,,,,,,,,,
